2026-07-23 12:14:57,430 - ABB | Year=2012 | Computed=36.32 | Source=46.0 | Difference=9.68
2026-07-23 12:14:57,430 - ABB | Year=2014 | Computed=40.10 | Source=46.0 | Difference=5.90
2026-07-23 12:14:57,431 - ABB | Year=2015 | Computed=38.42 | Source=46.0 | Difference=7.58
2026-07-23 12:14:57,431 - ABB | Year=2016 | Computed=34.73 | Source=46.0 | Difference=11.27
2026-07-23 12:14:57,431 - ABB | Year=2017 | Computed=32.80 | Source=46.0 | Difference=13.20
2026-07-23 12:14:57,431 - ABB | Year=2018 | Computed=37.92 | Source=46.0 | Difference=8.08
2026-07-23 12:14:57,431 - ABB | Year=2019 | Computed=35.76 | Source=46.0 | Difference=10.24
2026-07-23 12:14:57,434 - ABB | Year=2020 | Computed=33.42 | Source=46.0 | Difference=12.58
2026-07-23 12:14:57,434 - ABB | Year=2021 | Computed=36.41 | Source=46.0 | Difference=9.59
2026-07-23 12:14:57,434 - ABB | Year=2022 | Computed=39.20 | Source=46.0 | Difference=6.80
2026-07-23 12:14:57,434 - ADANIENSOL | Year=2014 | Computed=0.00 | Source=9.0 | Difference=9.00
2026-07-23 12:14:57,434 - ADANIENSOL | Year=2015 | Computed=0.96 | Source=9.0 | Difference=8.04
2026-07-23 12:14:57,436 - ADANIENSOL | Year=2016 | Computed=17.74 | Source=9.0 | Difference=8.74
2026-07-23 12:14:57,436 - ADANIENSOL | Year=2017 | Computed=16.82 | Source=9.0 | Difference=7.82
2026-07-23 12:14:57,436 - ADANIENSOL | Year=2018 | Computed=17.82 | Source=9.0 | Difference=8.82
2026-07-23 12:14:57,436 - ADANIENSOL | Year=2021 | Computed=14.06 | Source=9.0 | Difference=5.06
2026-07-23 12:14:57,436 - ADANIGREEN | Year=2017 | Computed=8.70 | Source=96.5 | Difference=87.80
2026-07-23 12:14:57,436 - ADANIGREEN | Year=2018 | Computed=7.90 | Source=96.5 | Difference=88.60
2026-07-23 12:14:57,436 - ADANIGREEN | Year=2019 | Computed=12.23 | Source=96.5 | Difference=84.27
2026-07-23 12:14:57,436 - ADANIGREEN | Year=2020 | Computed=7.77 | Source=96.5 | Difference=88.73
2026-07-23 12:14:57,438 - ADANIGREEN | Year=2021 | Computed=9.97 | Source=96.5 | Difference=86.53
2026-07-23 12:14:57,438 - ADANIGREEN | Year=2022 | Computed=7.25 | Source=96.5 | Difference=89.25
2026-07-23 12:14:57,438 - ADANIGREEN | Year=2023 | Computed=9.16 | Source=96.5 | Difference=87.34
2026-07-23 12:14:57,438 - ADANIGREEN | Year=2024 | Computed=11.49 | Source=96.5 | Difference=85.01
2026-07-23 12:14:57,438 - ADANIPORTS | Year=2018 | Computed=18.49 | Source=12.9 | Difference=5.59
2026-07-23 12:14:57,440 - ADANIPOWER | Year=2013 | Computed=2.55 | Source=32.2 | Difference=29.65
2026-07-23 12:14:57,440 - ADANIPOWER | Year=2014 | Computed=9.33 | Source=32.2 | Difference=22.87
2026-07-23 12:14:57,440 - ADANIPOWER | Year=2015 | Computed=11.62 | Source=32.2 | Difference=20.58
2026-07-23 12:14:57,440 - ADANIPOWER | Year=2016 | Computed=14.29 | Source=32.2 | Difference=17.91
2026-07-23 12:14:57,440 - ADANIPOWER | Year=2017 | Computed=4.17 | Source=32.2 | Difference=28.03
2026-07-23 12:14:57,440 - ADANIPOWER | Year=2018 | Computed=11.52 | Source=32.2 | Difference=20.68
2026-07-23 12:14:57,440 - ADANIPOWER | Year=2019 | Computed=13.59 | Source=32.2 | Difference=18.61
2026-07-23 12:14:57,440 - ADANIPOWER | Year=2020 | Computed=9.82 | Source=32.2 | Difference=22.38
2026-07-23 12:14:57,442 - ADANIPOWER | Year=2021 | Computed=16.15 | Source=32.2 | Difference=16.05
2026-07-23 12:14:57,442 - ADANIPOWER | Year=2022 | Computed=20.40 | Source=32.2 | Difference=11.80
2026-07-23 12:14:57,442 - ADANIPOWER | Year=2023 | Computed=19.82 | Source=32.2 | Difference=12.38
2026-07-23 12:14:57,445 - AMBUJACEM | Year=2012 | Computed=28.70 | Source=12.8 | Difference=15.90
2026-07-23 12:14:57,445 - AMBUJACEM | Year=2013 | Computed=21.65 | Source=12.8 | Difference=8.85
2026-07-23 12:14:57,445 - AMBUJACEM | Year=2014 | Computed=23.29 | Source=12.8 | Difference=10.49
2026-07-23 12:14:57,445 - AMBUJACEM | Year=2015 | Computed=18.39 | Source=12.8 | Difference=5.59
2026-07-23 12:14:57,445 - AMBUJACEM | Year=2016 | Computed=18.25 | Source=12.8 | Difference=5.45
2026-07-23 12:14:57,447 - AMBUJACEM | Year=2017 | Computed=20.26 | Source=12.8 | Difference=7.46
2026-07-23 12:14:57,447 - AMBUJACEM | Year=2018 | Computed=18.93 | Source=12.8 | Difference=6.13
2026-07-23 12:14:57,447 - AMBUJACEM | Year=2019 | Computed=21.55 | Source=12.8 | Difference=8.75
2026-07-23 12:14:57,447 - AMBUJACEM | Year=2020 | Computed=22.79 | Source=12.8 | Difference=9.99
2026-07-23 12:14:57,447 - AMBUJACEM | Year=2021 | Computed=25.02 | Source=12.8 | Difference=12.22
2026-07-23 12:14:57,448 - AMBUJACEM | Year=2024 | Computed=18.51 | Source=12.8 | Difference=5.71
2026-07-23 12:14:57,448 - APOLLOHOSP | Year=2020 | Computed=26.14 | Source=17.2 | Difference=8.94
2026-07-23 12:14:57,448 - APOLLOHOSP | Year=2022 | Computed=26.39 | Source=17.2 | Difference=9.19
2026-07-23 12:14:57,448 - ASIANPAINT | Year=2013 | Computed=50.92 | Source=41.75 | Difference=9.17
2026-07-23 12:14:57,448 - ASIANPAINT | Year=2014 | Computed=49.63 | Source=41.75 | Difference=7.88
2026-07-23 12:14:57,448 - ASIANPAINT | Year=2022 | Computed=33.12 | Source=41.75 | Difference=8.63
2026-07-23 12:14:57,448 - BAJAJ-AUTO | Year=2013 | Computed=54.35 | Source=33.5 | Difference=20.85
2026-07-23 12:14:57,451 - BAJAJ-AUTO | Year=2014 | Computed=47.30 | Source=33.5 | Difference=13.80
2026-07-23 12:14:57,451 - BAJAJ-AUTO | Year=2015 | Computed=38.87 | Source=33.5 | Difference=5.37
2026-07-23 12:14:57,451 - BAJAJ-AUTO | Year=2016 | Computed=42.35 | Source=33.5 | Difference=8.85
2026-07-23 12:14:57,452 - BAJAJ-AUTO | Year=2021 | Computed=23.76 | Source=33.5 | Difference=9.74
2026-07-23 12:14:57,452 - BAJAJ-AUTO | Year=2022 | Computed=26.45 | Source=33.5 | Difference=7.05
2026-07-23 12:14:57,453 - BAJAJ-AUTO | Year=2023 | Computed=27.70 | Source=33.5 | Difference=5.80
2026-07-23 12:14:57,453 - BAJAJFINSV | Year=2014 | Computed=15.59 | Source=21.14 | Difference=5.55
2026-07-23 12:14:57,453 - BAJAJFINSV | Year=2015 | Computed=14.76 | Source=21.14 | Difference=6.38
2026-07-23 12:14:57,454 - BAJAJFINSV | Year=2016 | Computed=13.57 | Source=21.14 | Difference=7.57
2026-07-23 12:14:57,454 - BAJAJFINSV | Year=2017 | Computed=13.52 | Source=21.14 | Difference=7.62
2026-07-23 12:14:57,454 - BAJAJFINSV | Year=2018 | Computed=12.52 | Source=21.14 | Difference=8.62
2026-07-23 12:14:57,454 - BAJAJFINSV | Year=2019 | Computed=12.18 | Source=21.14 | Difference=8.96
2026-07-23 12:14:57,454 - BAJAJFINSV | Year=2020 | Computed=11.52 | Source=21.14 | Difference=9.62
2026-07-23 12:14:57,454 - BAJAJFINSV | Year=2021 | Computed=11.95 | Source=21.14 | Difference=9.19
2026-07-23 12:14:57,454 - BAJAJFINSV | Year=2022 | Computed=10.66 | Source=21.14 | Difference=10.48
2026-07-23 12:14:57,454 - BAJAJFINSV | Year=2023 | Computed=11.55 | Source=21.14 | Difference=9.59
2026-07-23 12:14:57,454 - BAJAJFINSV | Year=2024 | Computed=11.71 | Source=21.14 | Difference=9.43
2026-07-23 12:14:57,454 - BAJAJHLDNG | Year=2013 | Computed=3.14 | Source=13.1 | Difference=9.96
2026-07-23 12:14:57,454 - BAJAJHLDNG | Year=2014 | Computed=3.38 | Source=13.1 | Difference=9.72
2026-07-23 12:14:57,454 - BAJAJHLDNG | Year=2015 | Computed=3.88 | Source=13.1 | Difference=9.22
2026-07-23 12:14:57,458 - BAJAJHLDNG | Year=2016 | Computed=2.85 | Source=13.1 | Difference=10.25
2026-07-23 12:14:57,458 - BAJAJHLDNG | Year=2017 | Computed=3.57 | Source=13.1 | Difference=9.53
2026-07-23 12:14:57,458 - BAJFINANCE | Year=2015 | Computed=5.65 | Source=11.9 | Difference=6.25
2026-07-23 12:14:57,460 - BAJFINANCE | Year=2016 | Computed=5.36 | Source=11.9 | Difference=6.54
2026-07-23 12:14:57,460 - BAJFINANCE | Year=2017 | Computed=5.57 | Source=11.9 | Difference=6.33
2026-07-23 12:14:57,460 - BAJFINANCE | Year=2018 | Computed=5.03 | Source=11.9 | Difference=6.87
2026-07-23 12:14:57,460 - BAJFINANCE | Year=2019 | Computed=4.52 | Source=11.9 | Difference=7.38
2026-07-23 12:14:57,460 - BAJFINANCE | Year=2020 | Computed=5.67 | Source=11.9 | Difference=6.23
2026-07-23 12:14:57,460 - BAJFINANCE | Year=2021 | Computed=6.44 | Source=11.9 | Difference=5.46
2026-07-23 12:14:57,460 - BAJFINANCE | Year=2022 | Computed=5.70 | Source=11.9 | Difference=6.20
2026-07-23 12:14:57,460 - BAJFINANCE | Year=2023 | Computed=4.70 | Source=11.9 | Difference=7.20
2026-07-23 12:14:57,460 - BAJFINANCE | Year=2024 | Computed=4.36 | Source=11.9 | Difference=7.54
2026-07-23 12:14:57,460 - BHARTIARTL | Year=2013 | Computed=20.60 | Source=13.1 | Difference=7.50
2026-07-23 12:14:57,460 - BHARTIARTL | Year=2014 | Computed=21.67 | Source=13.1 | Difference=8.57
2026-07-23 12:14:57,460 - BHARTIARTL | Year=2015 | Computed=28.29 | Source=13.1 | Difference=15.19
2026-07-23 12:14:57,460 - BHARTIARTL | Year=2016 | Computed=23.20 | Source=13.1 | Difference=10.10
2026-07-23 12:14:57,460 - BHARTIARTL | Year=2017 | Computed=21.20 | Source=13.1 | Difference=8.10
2026-07-23 12:14:57,460 - BHARTIARTL | Year=2020 | Computed=-0.52 | Source=13.1 | Difference=13.62
2026-07-23 12:14:57,460 - BHARTIARTL | Year=2021 | Computed=18.52 | Source=13.1 | Difference=5.42
2026-07-23 12:14:57,460 - BHARTIARTL | Year=2022 | Computed=26.33 | Source=13.1 | Difference=13.23
2026-07-23 12:14:57,460 - BHARTIARTL | Year=2023 | Computed=23.81 | Source=13.1 | Difference=10.71
2026-07-23 12:14:57,460 - BHARTIARTL | Year=2024 | Computed=25.10 | Source=13.1 | Difference=12.00
2026-07-23 12:14:57,466 - BEL | Year=2013 | Computed=4303.33 | Source=34.6 | Difference=4268.73
2026-07-23 12:14:57,466 - BEL | Year=2014 | Computed=4867.86 | Source=34.6 | Difference=4833.26
2026-07-23 12:14:57,467 - BEL | Year=2015 | Computed=5109.09 | Source=34.6 | Difference=5074.49
2026-07-23 12:14:57,467 - BEL | Year=2016 | Computed=5313.51 | Source=34.6 | Difference=5278.91
2026-07-23 12:14:57,467 - BEL | Year=2017 | Computed=5027.27 | Source=34.6 | Difference=4992.67
2026-07-23 12:14:57,467 - BEL | Year=2018 | Computed=2829.11 | Source=34.6 | Difference=2794.51
2026-07-23 12:14:57,469 - BEL | Year=2019 | Computed=3106.25 | Source=34.6 | Difference=3071.65
2026-07-23 12:14:57,469 - BEL | Year=2020 | Computed=2886.87 | Source=34.6 | Difference=2852.27
2026-07-23 12:14:57,469 - BEL | Year=2021 | Computed=3091.67 | Source=34.6 | Difference=3057.07
2026-07-23 12:14:57,469 - BEL | Year=2022 | Computed=2815.75 | Source=34.6 | Difference=2781.15
2026-07-23 12:14:57,469 - BEL | Year=2023 | Computed=3834.21 | Source=34.6 | Difference=3799.61
2026-07-23 12:14:57,469 - BEL | Year=2024 | Computed=4504.72 | Source=34.6 | Difference=4470.12
2026-07-23 12:14:57,469 - BHEL | Year=2013 | Computed=31.93 | Source=3.28 | Difference=28.65
2026-07-23 12:14:57,469 - BHEL | Year=2014 | Computed=16.36 | Source=3.28 | Difference=13.08
2026-07-23 12:14:57,471 - BHEL | Year=2015 | Computed=9.31 | Source=3.28 | Difference=6.03
2026-07-23 12:14:57,471 - BHEL | Year=2021 | Computed=-8.59 | Source=3.28 | Difference=11.87
2026-07-23 12:14:57,471 - BOSCHLTD | Year=2012 | Computed=29.62 | Source=20.6 | Difference=9.02
2026-07-23 12:14:57,471 - BOSCHLTD | Year=2015 | Computed=33.76 | Source=20.6 | Difference=13.16
2026-07-23 12:14:57,471 - BOSCHLTD | Year=2016 | Computed=26.09 | Source=20.6 | Difference=5.49
2026-07-23 12:14:57,471 - BOSCHLTD | Year=2017 | Computed=32.67 | Source=20.6 | Difference=12.07
2026-07-23 12:14:57,471 - BOSCHLTD | Year=2019 | Computed=30.17 | Source=20.6 | Difference=9.57
2026-07-23 12:14:57,471 - BOSCHLTD | Year=2020 | Computed=14.75 | Source=20.6 | Difference=5.85
2026-07-23 12:14:57,471 - BOSCHLTD | Year=2021 | Computed=9.33 | Source=20.6 | Difference=11.27
2026-07-23 12:14:57,471 - BOSCHLTD | Year=2024 | Computed=30.25 | Source=20.6 | Difference=9.65
2026-07-23 12:14:57,471 - BPCL | Year=2013 | Computed=16.42 | Source=32.1 | Difference=15.68
2026-07-23 12:14:57,471 - BPCL | Year=2014 | Computed=20.46 | Source=32.1 | Difference=11.64
2026-07-23 12:14:57,471 - BPCL | Year=2015 | Computed=24.76 | Source=32.1 | Difference=7.34
2026-07-23 12:14:57,471 - BPCL | Year=2017 | Computed=24.80 | Source=32.1 | Difference=7.30
2026-07-23 12:14:57,471 - BPCL | Year=2018 | Computed=24.56 | Source=32.1 | Difference=7.54
2026-07-23 12:14:57,471 - BPCL | Year=2019 | Computed=21.63 | Source=32.1 | Difference=10.47
2026-07-23 12:14:57,471 - BPCL | Year=2020 | Computed=10.16 | Source=32.1 | Difference=21.94
2026-07-23 12:14:57,471 - BPCL | Year=2021 | Computed=26.36 | Source=32.1 | Difference=5.74
2026-07-23 12:14:57,471 - BPCL | Year=2022 | Computed=20.68 | Source=32.1 | Difference=11.42
2026-07-23 12:14:57,471 - BPCL | Year=2023 | Computed=10.52 | Source=32.1 | Difference=21.58
2026-07-23 12:14:57,471 - BRITANNIA | Year=2014 | Computed=69.73 | Source=48.9 | Difference=20.83
2026-07-23 12:14:57,471 - BRITANNIA | Year=2015 | Computed=78.99 | Source=48.9 | Difference=30.09
2026-07-23 12:14:57,471 - BRITANNIA | Year=2016 | Computed=60.23 | Source=48.9 | Difference=11.33
2026-07-23 12:14:57,471 - BRITANNIA | Year=2020 | Computed=35.45 | Source=48.9 | Difference=13.45
2026-07-23 12:14:57,471 - BRITANNIA | Year=2024 | Computed=56.24 | Source=48.9 | Difference=7.34
2026-07-23 12:14:57,471 - CHOLAFIN | Year=2013 | Computed=4.10 | Source=10.4 | Difference=6.30
2026-07-23 12:14:57,471 - CHOLAFIN | Year=2014 | Computed=4.67 | Source=10.4 | Difference=5.73
2026-07-23 12:14:57,471 - CHOLAFIN | Year=2015 | Computed=4.77 | Source=10.4 | Difference=5.63
2026-07-23 12:14:57,471 - CHOLAFIN | Year=2016 | Computed=4.91 | Source=10.4 | Difference=5.49
2026-07-23 12:14:57,471 - CHOLAFIN | Year=2017 | Computed=4.74 | Source=10.4 | Difference=5.66
2026-07-23 12:14:57,471 - CHOLAFIN | Year=2018 | Computed=3.40 | Source=10.4 | Difference=7.00
2026-07-23 12:14:57,471 - CHOLAFIN | Year=2019 | Computed=2.92 | Source=10.4 | Difference=7.48
2026-07-23 12:14:57,471 - CHOLAFIN | Year=2020 | Computed=3.86 | Source=10.4 | Difference=6.54
2026-07-23 12:14:57,471 - CHOLAFIN | Year=2021 | Computed=4.00 | Source=10.4 | Difference=6.40
2026-07-23 12:14:57,471 - CHOLAFIN | Year=2022 | Computed=3.65 | Source=10.4 | Difference=6.75
2026-07-23 12:14:57,471 - CHOLAFIN | Year=2023 | Computed=3.27 | Source=10.4 | Difference=7.13
2026-07-23 12:14:57,471 - CHOLAFIN | Year=2024 | Computed=3.51 | Source=10.4 | Difference=6.89
2026-07-23 12:14:57,471 - CIPLA | Year=2013 | Computed=61.01 | Source=22.8 | Difference=38.21
2026-07-23 12:14:57,471 - CIPLA | Year=2014 | Computed=71.22 | Source=22.8 | Difference=48.42
2026-07-23 12:14:57,471 - CIPLA | Year=2015 | Computed=73.59 | Source=22.8 | Difference=50.79
2026-07-23 12:14:57,481 - CIPLA | Year=2016 | Computed=67.76 | Source=22.8 | Difference=44.96
2026-07-23 12:14:57,481 - CIPLA | Year=2017 | Computed=71.53 | Source=22.8 | Difference=48.73
2026-07-23 12:14:57,482 - CIPLA | Year=2018 | Computed=67.38 | Source=22.8 | Difference=44.58
2026-07-23 12:14:57,482 - CIPLA | Year=2019 | Computed=68.73 | Source=22.8 | Difference=45.93
2026-07-23 12:14:57,482 - CIPLA | Year=2020 | Computed=75.06 | Source=22.8 | Difference=52.26
2026-07-23 12:14:57,483 - CIPLA | Year=2021 | Computed=73.40 | Source=22.8 | Difference=50.60
2026-07-23 12:14:57,483 - CIPLA | Year=2022 | Computed=78.70 | Source=22.8 | Difference=55.90
2026-07-23 12:14:57,483 - CIPLA | Year=2023 | Computed=73.31 | Source=22.8 | Difference=50.51
2026-07-23 12:14:57,483 - CIPLA | Year=2024 | Computed=71.55 | Source=22.8 | Difference=48.75
2026-07-23 12:14:57,483 - COALINDIA | Year=2013 | Computed=100.93 | Source=63.6 | Difference=37.33
2026-07-23 12:14:57,483 - COALINDIA | Year=2014 | Computed=124.15 | Source=63.6 | Difference=60.55
2026-07-23 12:14:57,483 - COALINDIA | Year=2015 | Computed=139.35 | Source=63.6 | Difference=75.75
2026-07-23 12:14:57,483 - COALINDIA | Year=2016 | Computed=164.22 | Source=63.6 | Difference=100.62
2026-07-23 12:14:57,483 - COALINDIA | Year=2017 | Computed=238.75 | Source=63.6 | Difference=175.15
2026-07-23 12:14:57,486 - COALINDIA | Year=2018 | Computed=349.82 | Source=63.6 | Difference=286.22
2026-07-23 12:14:57,486 - COALINDIA | Year=2019 | Computed=260.26 | Source=63.6 | Difference=196.66
2026-07-23 12:14:57,486 - COALINDIA | Year=2020 | Computed=193.11 | Source=63.6 | Difference=129.51
2026-07-23 12:14:57,486 - COALINDIA | Year=2021 | Computed=168.43 | Source=63.6 | Difference=104.83
2026-07-23 12:14:57,486 - COALINDIA | Year=2022 | Computed=182.22 | Source=63.6 | Difference=118.62
2026-07-23 12:14:57,486 - COALINDIA | Year=2023 | Computed=144.31 | Source=63.6 | Difference=80.71
2026-07-23 12:14:57,486 - COALINDIA | Year=2024 | Computed=105.75 | Source=63.6 | Difference=42.15
2026-07-23 12:14:57,486 - DABUR | Year=2013 | Computed=33.64 | Source=22.3 | Difference=11.34
2026-07-23 12:14:57,486 - DABUR | Year=2014 | Computed=38.29 | Source=22.3 | Difference=15.99
2026-07-23 12:14:57,486 - DABUR | Year=2015 | Computed=36.06 | Source=22.3 | Difference=13.76
2026-07-23 12:14:57,486 - DABUR | Year=2016 | Computed=34.87 | Source=22.3 | Difference=12.57
2026-07-23 12:14:57,486 - DABUR | Year=2017 | Computed=31.05 | Source=22.3 | Difference=8.75
2026-07-23 12:14:57,486 - DABUR | Year=2018 | Computed=28.72 | Source=22.3 | Difference=6.42
2026-07-23 12:14:57,486 - DABUR | Year=2019 | Computed=30.99 | Source=22.3 | Difference=8.69
2026-07-23 12:14:57,490 - DABUR | Year=2020 | Computed=28.02 | Source=22.3 | Difference=5.72
2026-07-23 12:14:57,490 - DABUR | Year=2021 | Computed=28.47 | Source=22.3 | Difference=6.17
2026-07-23 12:14:57,490 - DIVISLAB | Year=2013 | Computed=33.98 | Source=16.5 | Difference=17.48
2026-07-23 12:14:57,490 - DIVISLAB | Year=2014 | Computed=36.42 | Source=16.5 | Difference=19.92
2026-07-23 12:14:57,490 - DIVISLAB | Year=2015 | Computed=34.37 | Source=16.5 | Difference=17.87
2026-07-23 12:14:57,490 - DIVISLAB | Year=2016 | Computed=34.97 | Source=16.5 | Difference=18.47
2026-07-23 12:14:57,490 - DIVISLAB | Year=2017 | Computed=28.22 | Source=16.5 | Difference=11.72
2026-07-23 12:14:57,490 - DIVISLAB | Year=2018 | Computed=22.98 | Source=16.5 | Difference=6.48
2026-07-23 12:14:57,490 - DIVISLAB | Year=2019 | Computed=28.71 | Source=16.5 | Difference=12.21
2026-07-23 12:14:57,490 - DIVISLAB | Year=2020 | Computed=27.38 | Source=16.5 | Difference=10.88
2026-07-23 12:14:57,490 - DIVISLAB | Year=2021 | Computed=31.44 | Source=16.5 | Difference=14.94
2026-07-23 12:14:57,490 - DIVISLAB | Year=2022 | Computed=34.07 | Source=16.5 | Difference=17.57
2026-07-23 12:14:57,490 - DLF | Year=2018 | Computed=22.92 | Source=5.74 | Difference=17.18
2026-07-23 12:14:57,490 - DMART | Year=2016 | Computed=25.10 | Source=19.4 | Difference=5.70
2026-07-23 12:14:57,490 - DMART | Year=2018 | Computed=28.21 | Source=19.4 | Difference=8.81
2026-07-23 12:14:57,490 - DMART | Year=2019 | Computed=26.74 | Source=19.4 | Difference=7.34
2026-07-23 12:14:57,490 - DRREDDY | Year=2017 | Computed=15.39 | Source=26.5 | Difference=11.11
2026-07-23 12:14:57,490 - DRREDDY | Year=2018 | Computed=14.20 | Source=26.5 | Difference=12.30
2026-07-23 12:14:57,490 - DRREDDY | Year=2019 | Computed=19.92 | Source=26.5 | Difference=6.58
2026-07-23 12:14:57,490 - DRREDDY | Year=2020 | Computed=17.67 | Source=26.5 | Difference=8.83
2026-07-23 12:14:57,490 - DRREDDY | Year=2021 | Computed=20.36 | Source=26.5 | Difference=6.14
2026-07-23 12:14:57,490 - DRREDDY | Year=2022 | Computed=19.13 | Source=26.5 | Difference=7.37
2026-07-23 12:14:57,490 - EICHERMOT | Year=2012 | Computed=38.58 | Source=31.1 | Difference=7.48
2026-07-23 12:14:57,490 - EICHERMOT | Year=2013 | Computed=37.77 | Source=31.1 | Difference=6.67
2026-07-23 12:14:57,490 - EICHERMOT | Year=2014 | Computed=47.51 | Source=31.1 | Difference=16.41
2026-07-23 12:14:57,490 - EICHERMOT | Year=2016 | Computed=54.84 | Source=31.1 | Difference=23.74
2026-07-23 12:14:57,490 - EICHERMOT | Year=2017 | Computed=47.46 | Source=31.1 | Difference=16.36
2026-07-23 12:14:57,490 - EICHERMOT | Year=2018 | Computed=46.58 | Source=31.1 | Difference=15.48
2026-07-23 12:14:57,490 - EICHERMOT | Year=2019 | Computed=39.59 | Source=31.1 | Difference=8.49
2026-07-23 12:14:57,490 - EICHERMOT | Year=2021 | Computed=19.43 | Source=31.1 | Difference=11.67
2026-07-23 12:14:57,490 - EICHERMOT | Year=2022 | Computed=21.03 | Source=31.1 | Difference=10.07
2026-07-23 12:14:57,498 - GAIL | Year=2019 | Computed=24.17 | Source=14.7 | Difference=9.47
2026-07-23 12:14:57,498 - GAIL | Year=2020 | Computed=22.82 | Source=14.7 | Difference=8.12
2026-07-23 12:14:57,498 - GAIL | Year=2022 | Computed=24.66 | Source=14.7 | Difference=9.96
2026-07-23 12:14:57,499 - GODREJCP | Year=2013 | Computed=20.61 | Source=26.49 | Difference=5.88
2026-07-23 12:14:57,499 - GODREJCP | Year=2014 | Computed=20.02 | Source=26.49 | Difference=6.47
2026-07-23 12:14:57,499 - GODREJCP | Year=2015 | Computed=20.66 | Source=26.49 | Difference=5.83
2026-07-23 12:14:57,499 - GODREJCP | Year=2016 | Computed=19.49 | Source=26.49 | Difference=7.00
2026-07-23 12:14:57,500 - GODREJCP | Year=2017 | Computed=21.32 | Source=26.49 | Difference=5.17
2026-07-23 12:14:57,500 - GODREJCP | Year=2020 | Computed=19.05 | Source=26.49 | Difference=7.44
2026-07-23 12:14:57,500 - GODREJCP | Year=2021 | Computed=21.43 | Source=26.49 | Difference=5.06
2026-07-23 12:14:57,500 - GODREJCP | Year=2022 | Computed=18.76 | Source=26.49 | Difference=7.73
2026-07-23 12:14:57,500 - GODREJCP | Year=2023 | Computed=17.13 | Source=26.49 | Difference=9.36
2026-07-23 12:14:57,500 - GODREJCP | Year=2024 | Computed=4.73 | Source=26.49 | Difference=21.76
2026-07-23 12:14:57,500 - GRASIM | Year=2013 | Computed=23.10 | Source=9.3 | Difference=13.80
2026-07-23 12:14:57,500 - GRASIM | Year=2014 | Computed=17.55 | Source=9.3 | Difference=8.25
2026-07-23 12:14:57,500 - GRASIM | Year=2015 | Computed=16.18 | Source=9.3 | Difference=6.88
2026-07-23 12:14:57,500 - GRASIM | Year=2016 | Computed=18.11 | Source=9.3 | Difference=8.81
2026-07-23 12:14:57,500 - GRASIM | Year=2017 | Computed=20.84 | Source=9.3 | Difference=11.54
2026-07-23 12:14:57,500 - GRASIM | Year=2022 | Computed=14.68 | Source=9.3 | Difference=5.38
2026-07-23 12:14:57,500 - HAL | Year=2017 | Computed=3170.37 | Source=38.9 | Difference=3131.47
2026-07-23 12:14:57,500 - HAL | Year=2018 | Computed=3173.68 | Source=38.9 | Difference=3134.78
2026-07-23 12:14:57,500 - HAL | Year=2019 | Computed=3507.09 | Source=38.9 | Difference=3468.19
2026-07-23 12:14:57,500 - HAL | Year=2020 | Computed=3782.14 | Source=38.9 | Difference=3743.24
2026-07-23 12:14:57,500 - HAL | Year=2021 | Computed=3800.67 | Source=38.9 | Difference=3761.77
2026-07-23 12:14:57,500 - HAL | Year=2022 | Computed=3882.42 | Source=38.9 | Difference=3843.52
2026-07-23 12:14:57,500 - HAL | Year=2023 | Computed=3723.66 | Source=38.9 | Difference=3684.76
2026-07-23 12:14:57,500 - HAL | Year=2024 | Computed=3617.39 | Source=38.9 | Difference=3578.49
2026-07-23 12:14:57,500 - HAVELLS | Year=2013 | Computed=36.96 | Source=24.4 | Difference=12.56
2026-07-23 12:14:57,500 - HAVELLS | Year=2014 | Computed=29.85 | Source=24.4 | Difference=5.45
2026-07-23 12:14:57,500 - HAVELLS | Year=2015 | Computed=35.82 | Source=24.4 | Difference=11.42
2026-07-23 12:14:57,500 - HAVELLS | Year=2016 | Computed=55.20 | Source=24.4 | Difference=30.80
2026-07-23 12:14:57,500 - HAVELLS | Year=2019 | Computed=30.59 | Source=24.4 | Difference=6.19
2026-07-23 12:14:57,506 - HAVELLS | Year=2021 | Computed=31.17 | Source=24.4 | Difference=6.77
2026-07-23 12:14:57,506 - HCLTECH | Year=2013 | Computed=42.31 | Source=29.6 | Difference=12.71
2026-07-23 12:14:57,506 - HCLTECH | Year=2014 | Computed=42.36 | Source=29.6 | Difference=12.76
2026-07-23 12:14:57,506 - HCLTECH | Year=2015 | Computed=38.65 | Source=29.6 | Difference=9.05
2026-07-23 12:14:57,506 - HCLTECH | Year=2024 | Computed=34.71 | Source=29.6 | Difference=5.11
2026-07-23 12:14:57,506 - HDFCBANK | Year=2023 | Computed=2.60 | Source=7.67 | Difference=5.07
2026-07-23 12:14:57,506 - HDFCLIFE | Year=2013 | Computed=1012.64 | Source=6.61 | Difference=1006.03
2026-07-23 12:14:57,506 - HDFCLIFE | Year=2014 | Computed=859.18 | Source=6.61 | Difference=852.57
2026-07-23 12:14:57,508 - HDFCLIFE | Year=2015 | Computed=1036.76 | Source=6.61 | Difference=1030.15
2026-07-23 12:14:57,508 - HDFCLIFE | Year=2016 | Computed=554.04 | Source=6.61 | Difference=547.43
2026-07-23 12:14:57,508 - HDFCLIFE | Year=2017 | Computed=775.67 | Source=6.61 | Difference=769.06
2026-07-23 12:14:57,508 - HDFCLIFE | Year=2018 | Computed=662.89 | Source=6.61 | Difference=656.28
2026-07-23 12:14:57,508 - HDFCLIFE | Year=2019 | Computed=667.19 | Source=6.61 | Difference=660.58
2026-07-23 12:14:57,508 - HDFCLIFE | Year=2020 | Computed=414.91 | Source=6.61 | Difference=408.30
2026-07-23 12:14:57,508 - HDFCLIFE | Year=2021 | Computed=760.78 | Source=6.61 | Difference=754.17
2026-07-23 12:14:57,508 - HDFCLIFE | Year=2022 | Computed=409.21 | Source=6.61 | Difference=402.60
2026-07-23 12:14:57,510 - HDFCLIFE | Year=2023 | Computed=502.95 | Source=6.61 | Difference=496.34
2026-07-23 12:14:57,510 - HDFCLIFE | Year=2024 | Computed=646.47 | Source=6.61 | Difference=639.86
2026-07-23 12:14:57,510 - HEROMOTOCO | Year=2014 | Computed=367.97 | Source=29.1 | Difference=338.87
2026-07-23 12:14:57,510 - HEROMOTOCO | Year=2015 | Computed=361.91 | Source=29.1 | Difference=332.81
2026-07-23 12:14:57,510 - HEROMOTOCO | Year=2016 | Computed=265.27 | Source=29.1 | Difference=236.17
2026-07-23 12:14:57,510 - HEROMOTOCO | Year=2017 | Computed=227.30 | Source=29.1 | Difference=198.20
2026-07-23 12:14:57,510 - HEROMOTOCO | Year=2018 | Computed=222.46 | Source=29.1 | Difference=193.36
2026-07-23 12:14:57,510 - HEROMOTOCO | Year=2019 | Computed=215.61 | Source=29.1 | Difference=186.51
2026-07-23 12:14:57,510 - HEROMOTOCO | Year=2020 | Computed=169.58 | Source=29.1 | Difference=140.48
2026-07-23 12:14:57,510 - HEROMOTOCO | Year=2021 | Computed=168.22 | Source=29.1 | Difference=139.12
2026-07-23 12:14:57,510 - HEROMOTOCO | Year=2022 | Computed=159.90 | Source=29.1 | Difference=130.80
2026-07-23 12:14:57,510 - HEROMOTOCO | Year=2023 | Computed=174.59 | Source=29.1 | Difference=145.49
2026-07-23 12:14:57,510 - HEROMOTOCO | Year=2024 | Computed=177.92 | Source=29.1 | Difference=148.82
2026-07-23 12:14:57,510 - HINDALCO | Year=2013 | Computed=78.57 | Source=11.3 | Difference=67.27
2026-07-23 12:14:57,510 - HINDALCO | Year=2014 | Computed=75.63 | Source=11.3 | Difference=64.33
2026-07-23 12:14:57,510 - HINDALCO | Year=2015 | Computed=89.37 | Source=11.3 | Difference=78.07
2026-07-23 12:14:57,510 - HINDALCO | Year=2016 | Computed=84.12 | Source=11.3 | Difference=72.82
2026-07-23 12:14:57,510 - HINDALCO | Year=2017 | Computed=79.98 | Source=11.3 | Difference=68.68
2026-07-23 12:14:57,514 - HINDALCO | Year=2018 | Computed=94.93 | Source=11.3 | Difference=83.63
2026-07-23 12:14:57,514 - HINDALCO | Year=2019 | Computed=104.66 | Source=11.3 | Difference=93.36
2026-07-23 12:14:57,514 - HINDALCO | Year=2020 | Computed=81.95 | Source=11.3 | Difference=70.65
2026-07-23 12:14:57,514 - HINDALCO | Year=2021 | Computed=85.59 | Source=11.3 | Difference=74.29
2026-07-23 12:14:57,514 - HINDALCO | Year=2022 | Computed=116.86 | Source=11.3 | Difference=105.56
2026-07-23 12:14:57,514 - HINDALCO | Year=2023 | Computed=129.30 | Source=11.3 | Difference=118.00
2026-07-23 12:14:57,514 - HINDALCO | Year=2024 | Computed=118.21 | Source=11.3 | Difference=106.91
2026-07-23 12:14:57,514 - HINDUNILVR | Year=2013 | Computed=788.93 | Source=27.2 | Difference=761.73
2026-07-23 12:14:57,514 - HINDUNILVR | Year=2014 | Computed=683.53 | Source=27.2 | Difference=656.33
2026-07-23 12:14:57,514 - HINDUNILVR | Year=2015 | Computed=653.00 | Source=27.2 | Difference=625.80
2026-07-23 12:14:57,514 - HINDUNILVR | Year=2016 | Computed=389.54 | Source=27.2 | Difference=362.34
2026-07-23 12:14:57,514 - HINDUNILVR | Year=2017 | Computed=382.47 | Source=27.2 | Difference=355.27
2026-07-23 12:14:57,514 - HINDUNILVR | Year=2018 | Computed=385.48 | Source=27.2 | Difference=358.28
2026-07-23 12:14:57,514 - HINDUNILVR | Year=2019 | Computed=382.29 | Source=27.2 | Difference=355.09
2026-07-23 12:14:57,514 - HINDUNILVR | Year=2020 | Computed=363.92 | Source=27.2 | Difference=336.72
2026-07-23 12:14:57,514 - HINDUNILVR | Year=2021 | Computed=74.31 | Source=27.2 | Difference=47.11
2026-07-23 12:14:57,514 - HINDUNILVR | Year=2022 | Computed=79.06 | Source=27.2 | Difference=51.86
2026-07-23 12:14:57,514 - HINDUNILVR | Year=2023 | Computed=90.17 | Source=27.2 | Difference=62.97
2026-07-23 12:14:57,514 - HINDUNILVR | Year=2024 | Computed=89.68 | Source=27.2 | Difference=62.48
2026-07-23 12:14:57,514 - ICICIGI | Year=2013 | Computed=223.90 | Source=22.5 | Difference=201.40
2026-07-23 12:14:57,514 - ICICIGI | Year=2014 | Computed=191.02 | Source=22.5 | Difference=168.52
2026-07-23 12:14:57,514 - ICICIGI | Year=2015 | Computed=154.23 | Source=22.5 | Difference=131.73
2026-07-23 12:14:57,514 - ICICIGI | Year=2016 | Computed=163.18 | Source=22.5 | Difference=140.68
2026-07-23 12:14:57,514 - ICICIGI | Year=2017 | Computed=150.78 | Source=22.5 | Difference=128.28
2026-07-23 12:14:57,514 - ICICIGI | Year=2018 | Computed=142.66 | Source=22.5 | Difference=120.16
2026-07-23 12:14:57,514 - ICICIGI | Year=2019 | Computed=161.58 | Source=22.5 | Difference=139.08
2026-07-23 12:14:57,514 - ICICIGI | Year=2020 | Computed=147.45 | Source=22.5 | Difference=124.95
2026-07-23 12:14:57,514 - ICICIGI | Year=2021 | Computed=125.02 | Source=22.5 | Difference=102.52
2026-07-23 12:14:57,514 - ICICIGI | Year=2022 | Computed=158.93 | Source=22.5 | Difference=136.43
2026-07-23 12:14:57,514 - ICICIGI | Year=2023 | Computed=158.59 | Source=22.5 | Difference=136.09
2026-07-23 12:14:57,514 - ICICIGI | Year=2024 | Computed=146.43 | Source=22.5 | Difference=123.93
2026-07-23 12:14:57,522 - ICICIPRULI | Year=2013 | Computed=486.85 | Source=8.75 | Difference=478.10
2026-07-23 12:14:57,522 - ICICIPRULI | Year=2014 | Computed=465.23 | Source=8.75 | Difference=456.48
2026-07-23 12:14:57,522 - ICICIPRULI | Year=2015 | Computed=623.04 | Source=8.75 | Difference=614.29
2026-07-23 12:14:57,522 - ICICIPRULI | Year=2016 | Computed=299.39 | Source=8.75 | Difference=290.64
2026-07-23 12:14:57,522 - ICICIPRULI | Year=2017 | Computed=562.21 | Source=8.75 | Difference=553.46
2026-07-23 12:14:57,522 - ICICIPRULI | Year=2018 | Computed=563.84 | Source=8.75 | Difference=555.09
2026-07-23 12:14:57,522 - ICICIPRULI | Year=2019 | Computed=595.59 | Source=8.75 | Difference=586.84
2026-07-23 12:14:57,522 - ICICIPRULI | Year=2020 | Computed=295.88 | Source=8.75 | Difference=287.13
2026-07-23 12:14:57,522 - ICICIPRULI | Year=2021 | Computed=810.67 | Source=8.75 | Difference=801.92
2026-07-23 12:14:57,522 - ICICIPRULI | Year=2022 | Computed=634.53 | Source=8.75 | Difference=625.78
2026-07-23 12:14:57,525 - ICICIPRULI | Year=2023 | Computed=462.64 | Source=8.75 | Difference=453.89
2026-07-23 12:14:57,525 - ICICIPRULI | Year=2024 | Computed=754.89 | Source=8.75 | Difference=746.14
2026-07-23 12:14:57,525 - INDUSINDBK | Year=2013 | Computed=2.74 | Source=7.93 | Difference=5.19
2026-07-23 12:14:57,525 - INFY | Year=2016 | Computed=32.71 | Source=40.0 | Difference=7.29
2026-07-23 12:14:57,525 - INFY | Year=2017 | Computed=31.39 | Source=40.0 | Difference=8.61
2026-07-23 12:14:57,525 - INFY | Year=2018 | Computed=34.09 | Source=40.0 | Difference=5.91
2026-07-23 12:14:57,525 - INFY | Year=2023 | Computed=45.20 | Source=40.0 | Difference=5.20
2026-07-23 12:14:57,525 - IOC | Year=2013 | Computed=11.37 | Source=21.31 | Difference=9.94
2026-07-23 12:14:57,525 - IOC | Year=2014 | Computed=13.69 | Source=21.31 | Difference=7.62
2026-07-23 12:14:57,527 - IOC | Year=2015 | Computed=12.29 | Source=21.31 | Difference=9.02
2026-07-23 12:14:57,527 - IOC | Year=2020 | Computed=3.95 | Source=21.31 | Difference=17.36
2026-07-23 12:14:57,527 - IOC | Year=2023 | Computed=12.40 | Source=21.31 | Difference=8.91
2026-07-23 12:14:57,527 - IRCTC | Year=2016 | Computed=60.70 | Source=53.8 | Difference=6.90
2026-07-23 12:14:57,527 - IRCTC | Year=2017 | Computed=48.41 | Source=53.8 | Difference=5.39
2026-07-23 12:14:57,527 - IRCTC | Year=2018 | Computed=39.06 | Source=53.8 | Difference=14.74
2026-07-23 12:14:57,527 - IRCTC | Year=2019 | Computed=47.53 | Source=53.8 | Difference=6.27
2026-07-23 12:14:57,527 - IRCTC | Year=2020 | Computed=59.36 | Source=53.8 | Difference=5.56
2026-07-23 12:14:57,527 - IRCTC | Year=2021 | Computed=20.33 | Source=53.8 | Difference=33.47
2026-07-23 12:14:57,527 - IRCTC | Year=2022 | Computed=47.90 | Source=53.8 | Difference=5.90
2026-07-23 12:14:57,527 - IRCTC | Year=2024 | Computed=47.78 | Source=53.8 | Difference=6.02
2026-07-23 12:14:57,527 - ITC | Year=2013 | Computed=51.90 | Source=34.76 | Difference=17.14
2026-07-23 12:14:57,527 - ITC | Year=2014 | Computed=51.12 | Source=34.76 | Difference=16.36
2026-07-23 12:14:57,527 - ITC | Year=2015 | Computed=48.37 | Source=34.76 | Difference=13.61
2026-07-23 12:14:57,527 - ITC | Year=2023 | Computed=40.03 | Source=34.76 | Difference=5.27
2026-07-23 12:14:57,527 - JINDALSTEL | Year=2015 | Computed=6.11 | Source=13.2 | Difference=7.09
2026-07-23 12:14:57,527 - JINDALSTEL | Year=2016 | Computed=4.24 | Source=13.2 | Difference=8.96
2026-07-23 12:14:57,527 - JINDALSTEL | Year=2017 | Computed=5.73 | Source=13.2 | Difference=7.47
2026-07-23 12:14:57,527 - JINDALSTEL | Year=2018 | Computed=8.02 | Source=13.2 | Difference=5.18
2026-07-23 12:14:57,527 - JINDALSTEL | Year=2021 | Computed=18.22 | Source=13.2 | Difference=5.02
2026-07-23 12:14:57,527 - JINDALSTEL | Year=2022 | Computed=27.84 | Source=13.2 | Difference=14.64
2026-07-23 12:14:57,527 - JSWENERGY | Year=2013 | Computed=16.95 | Source=8.59 | Difference=8.36
2026-07-23 12:14:57,527 - JSWENERGY | Year=2014 | Computed=18.44 | Source=8.59 | Difference=9.85
2026-07-23 12:14:57,527 - JSWENERGY | Year=2015 | Computed=22.72 | Source=8.59 | Difference=14.13
2026-07-23 12:14:57,527 - JSWENERGY | Year=2016 | Computed=17.78 | Source=8.59 | Difference=9.19
2026-07-23 12:14:57,527 - JSWENERGY | Year=2017 | Computed=14.34 | Source=8.59 | Difference=5.75
2026-07-23 12:14:57,527 - JSWENERGY | Year=2019 | Computed=14.54 | Source=8.59 | Difference=5.95
2026-07-23 12:14:57,527 - JSWENERGY | Year=2020 | Computed=15.51 | Source=8.59 | Difference=6.92
2026-07-23 12:14:57,527 - JSWENERGY | Year=2021 | Computed=13.82 | Source=8.59 | Difference=5.23
2026-07-23 12:14:57,527 - JSWENERGY | Year=2022 | Computed=15.73 | Source=8.59 | Difference=7.14
2026-07-23 12:14:57,527 - JSWSTEEL | Year=2016 | Computed=7.28 | Source=13.36 | Difference=6.08
2026-07-23 12:14:57,527 - JSWSTEEL | Year=2017 | Computed=18.68 | Source=13.36 | Difference=5.32
2026-07-23 12:14:57,527 - JSWSTEEL | Year=2018 | Computed=21.87 | Source=13.36 | Difference=8.51
2026-07-23 12:14:57,527 - JSWSTEEL | Year=2019 | Computed=23.27 | Source=13.36 | Difference=9.91
2026-07-23 12:14:57,527 - JSWSTEEL | Year=2021 | Computed=18.92 | Source=13.36 | Difference=5.56
2026-07-23 12:14:57,527 - JSWSTEEL | Year=2022 | Computed=29.18 | Source=13.36 | Difference=15.82
2026-07-23 12:14:57,527 - LICI | Year=2019 | Computed=3.16 | Source=63.79 | Difference=60.63
2026-07-23 12:14:57,527 - LICI | Year=2020 | Computed=5.47 | Source=63.79 | Difference=58.32
2026-07-23 12:14:57,527 - LICI | Year=2021 | Computed=182.46 | Source=63.79 | Difference=118.67
2026-07-23 12:14:57,527 - LICI | Year=2022 | Computed=110.89 | Source=63.79 | Difference=47.10
2026-07-23 12:14:57,527 - LICI | Year=2023 | Computed=90.86 | Source=63.79 | Difference=27.07
2026-07-23 12:14:57,527 - LICI | Year=2024 | Computed=57.53 | Source=63.79 | Difference=6.26
2026-07-23 12:14:57,527 - LODHA | Year=2021 | Computed=5.45 | Source=11.1 | Difference=5.65
2026-07-23 12:14:57,527 - LODHA | Year=2023 | Computed=4.73 | Source=11.1 | Difference=6.37
2026-07-23 12:14:57,527 - LT | Year=2013 | Computed=884.74 | Source=17.18 | Difference=867.56
2026-07-23 12:14:57,527 - LT | Year=2014 | Computed=896.69 | Source=17.18 | Difference=879.51
2026-07-23 12:14:57,527 - LT | Year=2015 | Computed=762.30 | Source=17.18 | Difference=745.12
2026-07-23 12:14:57,527 - LT | Year=2016 | Computed=766.28 | Source=17.18 | Difference=749.10
2026-07-23 12:14:57,538 - LT | Year=2017 | Computed=575.25 | Source=17.18 | Difference=558.07
2026-07-23 12:14:57,538 - LT | Year=2018 | Computed=558.96 | Source=17.18 | Difference=541.78
2026-07-23 12:14:57,538 - LT | Year=2019 | Computed=522.52 | Source=17.18 | Difference=505.34
2026-07-23 12:14:57,538 - LT | Year=2020 | Computed=436.48 | Source=17.18 | Difference=419.30
2026-07-23 12:14:57,538 - LT | Year=2021 | Computed=389.67 | Source=17.18 | Difference=372.49
2026-07-23 12:14:57,538 - LT | Year=2022 | Computed=183.40 | Source=17.18 | Difference=166.22
2026-07-23 12:14:57,538 - LT | Year=2023 | Computed=165.76 | Source=17.18 | Difference=148.58
2026-07-23 12:14:57,538 - LT | Year=2024 | Computed=152.62 | Source=17.18 | Difference=135.44
2026-07-23 12:14:57,540 - LTIM | Year=2013 | Computed=56.71 | Source=34.1 | Difference=22.61
2026-07-23 12:14:57,540 - LTIM | Year=2014 | Computed=79.30 | Source=34.1 | Difference=45.20
2026-07-23 12:14:57,540 - LTIM | Year=2015 | Computed=49.20 | Source=34.1 | Difference=15.10
2026-07-23 12:14:57,540 - LTIM | Year=2016 | Computed=55.73 | Source=34.1 | Difference=21.63
2026-07-23 12:14:57,540 - LTIM | Year=2017 | Computed=45.07 | Source=34.1 | Difference=10.97
2026-07-23 12:14:57,540 - LTIM | Year=2018 | Computed=41.79 | Source=34.1 | Difference=7.69
2026-07-23 12:14:57,540 - LTIM | Year=2019 | Computed=44.66 | Source=34.1 | Difference=10.56
2026-07-23 12:14:57,540 - LTIM | Year=2022 | Computed=41.35 | Source=34.1 | Difference=7.25
2026-07-23 12:14:57,540 - M&M | Year=2013 | Computed=20.46 | Source=26.98 | Difference=6.52
2026-07-23 12:14:57,540 - M&M | Year=2014 | Computed=18.71 | Source=26.98 | Difference=8.27
2026-07-23 12:14:57,540 - M&M | Year=2015 | Computed=15.04 | Source=26.98 | Difference=11.94
2026-07-23 12:14:57,540 - M&M | Year=2016 | Computed=16.87 | Source=26.98 | Difference=10.11
2026-07-23 12:14:57,540 - M&M | Year=2017 | Computed=16.31 | Source=26.98 | Difference=10.67
2026-07-23 12:14:57,540 - M&M | Year=2018 | Computed=18.98 | Source=26.98 | Difference=8.00
2026-07-23 12:14:57,540 - M&M | Year=2019 | Computed=16.14 | Source=26.98 | Difference=10.84
2026-07-23 12:14:57,540 - M&M | Year=2020 | Computed=9.05 | Source=26.98 | Difference=17.93
2026-07-23 12:14:57,540 - M&M | Year=2021 | Computed=10.34 | Source=26.98 | Difference=16.64
2026-07-23 12:14:57,540 - M&M | Year=2022 | Computed=14.34 | Source=26.98 | Difference=12.64
2026-07-23 12:14:57,540 - M&M | Year=2023 | Computed=16.31 | Source=26.98 | Difference=10.67
2026-07-23 12:14:57,540 - M&M | Year=2024 | Computed=16.12 | Source=26.98 | Difference=10.86
2026-07-23 12:14:57,540 - MARUTI | Year=2015 | Computed=30.86 | Source=23.67 | Difference=7.19
2026-07-23 12:14:57,540 - MARUTI | Year=2016 | Computed=34.00 | Source=23.67 | Difference=10.33
2026-07-23 12:14:57,540 - MARUTI | Year=2017 | Computed=34.13 | Source=23.67 | Difference=10.46
2026-07-23 12:14:57,540 - MARUTI | Year=2018 | Computed=33.44 | Source=23.67 | Difference=9.77
2026-07-23 12:14:57,540 - MARUTI | Year=2019 | Computed=29.04 | Source=23.67 | Difference=5.37
2026-07-23 12:14:57,540 - MARUTI | Year=2021 | Computed=15.94 | Source=23.67 | Difference=7.73
2026-07-23 12:14:57,540 - MARUTI | Year=2022 | Computed=13.65 | Source=23.67 | Difference=10.02
2026-07-23 12:14:57,540 - MOTHERSON | Year=2013 | Computed=25.00 | Source=13.7 | Difference=11.30
2026-07-23 12:14:57,540 - MOTHERSON | Year=2014 | Computed=34.72 | Source=13.7 | Difference=21.02
2026-07-23 12:14:57,540 - MOTHERSON | Year=2015 | Computed=36.14 | Source=13.7 | Difference=22.44
2026-07-23 12:14:57,540 - MOTHERSON | Year=2016 | Computed=35.59 | Source=13.7 | Difference=21.89
2026-07-23 12:14:57,540 - MOTHERSON | Year=2017 | Computed=24.26 | Source=13.7 | Difference=10.56
2026-07-23 12:14:57,540 - MOTHERSON | Year=2018 | Computed=25.93 | Source=13.7 | Difference=12.23
2026-07-23 12:14:57,540 - MOTHERSON | Year=2019 | Computed=25.25 | Source=13.7 | Difference=11.55
2026-07-23 12:14:57,540 - MOTHERSON | Year=2020 | Computed=21.71 | Source=13.7 | Difference=8.01
2026-07-23 12:14:57,540 - MOTHERSON | Year=2021 | Computed=20.16 | Source=13.7 | Difference=6.46
2026-07-23 12:14:57,540 - MOTHERSON | Year=2024 | Computed=20.54 | Source=13.7 | Difference=6.84
2026-07-23 12:14:57,540 - NAUKRI | Year=2013 | Computed=23.81 | Source=3.65 | Difference=20.16
2026-07-23 12:14:57,540 - NAUKRI | Year=2014 | Computed=21.55 | Source=3.65 | Difference=17.90
2026-07-23 12:14:57,540 - NAUKRI | Year=2016 | Computed=13.08 | Source=3.65 | Difference=9.43
2026-07-23 12:14:57,540 - NAUKRI | Year=2018 | Computed=30.30 | Source=3.65 | Difference=26.65
2026-07-23 12:14:57,540 - NAUKRI | Year=2019 | Computed=29.32 | Source=3.65 | Difference=25.67
2026-07-23 12:14:57,540 - NAUKRI | Year=2020 | Computed=-2.82 | Source=3.65 | Difference=6.47
2026-07-23 12:14:57,540 - NAUKRI | Year=2021 | Computed=30.36 | Source=3.65 | Difference=26.71
2026-07-23 12:14:57,540 - NAUKRI | Year=2022 | Computed=82.38 | Source=3.65 | Difference=78.73
2026-07-23 12:14:57,540 - NESTLEIND | Year=2013 | Computed=57.49 | Source=185.43 | Difference=127.94
2026-07-23 12:14:57,540 - NESTLEIND | Year=2014 | Computed=74.41 | Source=185.43 | Difference=111.02
2026-07-23 12:14:57,540 - NESTLEIND | Year=2015 | Computed=41.06 | Source=185.43 | Difference=144.37
2026-07-23 12:14:57,540 - NESTLEIND | Year=2016 | Computed=60.03 | Source=185.43 | Difference=125.40
2026-07-23 12:14:57,540 - NESTLEIND | Year=2017 | Computed=65.82 | Source=185.43 | Difference=119.61
2026-07-23 12:14:57,540 - NESTLEIND | Year=2018 | Computed=77.59 | Source=185.43 | Difference=107.84
2026-07-23 12:14:57,540 - NESTLEIND | Year=2019 | Computed=150.59 | Source=185.43 | Difference=34.84
2026-07-23 12:14:57,552 - NESTLEIND | Year=2020 | Computed=154.57 | Source=185.43 | Difference=30.86
2026-07-23 12:14:57,552 - NESTLEIND | Year=2021 | Computed=155.97 | Source=185.43 | Difference=29.46
2026-07-23 12:14:57,552 - NESTLEIND | Year=2022 | Computed=139.67 | Source=185.43 | Difference=45.76
2026-07-23 12:14:57,552 - NESTLEIND | Year=2023 | Computed=168.02 | Source=185.43 | Difference=17.41
2026-07-23 12:14:57,552 - NESTLEIND | Year=2024 | Computed=162.06 | Source=185.43 | Difference=23.37
2026-07-23 12:14:57,552 - NHPC | Year=2015 | Computed=13.11 | Source=7.67 | Difference=5.44
2026-07-23 12:14:57,552 - NHPC | Year=2017 | Computed=14.78 | Source=7.67 | Difference=7.11
2026-07-23 12:14:57,554 - NHPC | Year=2019 | Computed=13.46 | Source=7.67 | Difference=5.79
2026-07-23 12:14:57,554 - ONGC | Year=2013 | Computed=28.28 | Source=19.71 | Difference=8.57
2026-07-23 12:14:57,554 - ONGC | Year=2014 | Computed=25.44 | Source=19.71 | Difference=5.73
2026-07-23 12:14:57,554 - ONGC | Year=2019 | Computed=25.99 | Source=19.71 | Difference=6.28
2026-07-23 12:14:57,554 - PFC | Year=2013 | Computed=3.68 | Source=9.96 | Difference=6.28
2026-07-23 12:14:57,554 - PFC | Year=2014 | Computed=4.09 | Source=9.96 | Difference=5.87
2026-07-23 12:14:57,554 - PFC | Year=2015 | Computed=3.84 | Source=9.96 | Difference=6.12
2026-07-23 12:14:57,554 - PFC | Year=2016 | Computed=3.88 | Source=9.96 | Difference=6.08
2026-07-23 12:14:57,554 - PFC | Year=2017 | Computed=2.21 | Source=9.96 | Difference=7.75
2026-07-23 12:14:57,554 - PFC | Year=2018 | Computed=2.45 | Source=9.96 | Difference=7.51
2026-07-23 12:14:57,554 - PFC | Year=2019 | Computed=3.05 | Source=9.96 | Difference=6.91
2026-07-23 12:14:57,554 - PFC | Year=2020 | Computed=2.19 | Source=9.96 | Difference=7.77
2026-07-23 12:14:57,554 - PFC | Year=2021 | Computed=2.76 | Source=9.96 | Difference=7.20
2026-07-23 12:14:57,554 - PFC | Year=2022 | Computed=3.20 | Source=9.96 | Difference=6.76
2026-07-23 12:14:57,554 - PFC | Year=2023 | Computed=3.18 | Source=9.96 | Difference=6.78
2026-07-23 12:14:57,554 - PFC | Year=2024 | Computed=3.49 | Source=9.96 | Difference=6.47
2026-07-23 12:14:57,554 - PIDILITIND | Year=2013 | Computed=37.74 | Source=29.7 | Difference=8.04
2026-07-23 12:14:57,554 - PIDILITIND | Year=2014 | Computed=35.54 | Source=29.7 | Difference=5.84
2026-07-23 12:14:57,554 - PIDILITIND | Year=2015 | Computed=34.84 | Source=29.7 | Difference=5.14
2026-07-23 12:14:57,554 - PIDILITIND | Year=2016 | Computed=46.14 | Source=29.7 | Difference=16.44
2026-07-23 12:14:57,554 - PIDILITIND | Year=2017 | Computed=38.58 | Source=29.7 | Difference=8.88
2026-07-23 12:14:57,554 - PIDILITIND | Year=2018 | Computed=40.39 | Source=29.7 | Difference=10.69
2026-07-23 12:14:57,554 - PIDILITIND | Year=2019 | Computed=35.23 | Source=29.7 | Difference=5.53
2026-07-23 12:14:57,554 - PIDILITIND | Year=2020 | Computed=35.27 | Source=29.7 | Difference=5.57
2026-07-23 12:14:57,554 - POWERGRID | Year=2022 | Computed=19.21 | Source=13.2 | Difference=6.01
2026-07-23 12:14:57,554 - POWERGRID | Year=2023 | Computed=19.22 | Source=13.2 | Difference=6.02
2026-07-23 12:14:57,554 - POWERGRID | Year=2024 | Computed=19.17 | Source=13.2 | Difference=5.97
2026-07-23 12:14:57,554 - SBILIFE | Year=2013 | Computed=26.28 | Source=13.2 | Difference=13.08
2026-07-23 12:14:57,554 - SBILIFE | Year=2014 | Computed=25.48 | Source=13.2 | Difference=12.28
2026-07-23 12:14:57,554 - SBILIFE | Year=2015 | Computed=24.09 | Source=13.2 | Difference=10.89
2026-07-23 12:14:57,554 - SBILIFE | Year=2016 | Computed=22.16 | Source=13.2 | Difference=8.96
2026-07-23 12:14:57,554 - SBILIFE | Year=2017 | Computed=21.74 | Source=13.2 | Difference=8.54
2026-07-23 12:14:57,562 - SBILIFE | Year=2018 | Computed=22.79 | Source=13.2 | Difference=9.59
2026-07-23 12:14:57,562 - SBILIFE | Year=2019 | Computed=22.97 | Source=13.2 | Difference=9.77
2026-07-23 12:14:57,562 - SBILIFE | Year=2020 | Computed=21.50 | Source=13.2 | Difference=8.30
2026-07-23 12:14:57,562 - SHREECEM | Year=2013 | Computed=34.06 | Source=14.8 | Difference=19.26
2026-07-23 12:14:57,562 - SHREECEM | Year=2014 | Computed=25.27 | Source=14.8 | Difference=10.47
2026-07-23 12:14:57,562 - SHREECEM | Year=2015 | Computed=23.35 | Source=14.8 | Difference=8.55
2026-07-23 12:14:57,562 - SHREECEM | Year=2017 | Computed=31.98 | Source=14.8 | Difference=17.18
2026-07-23 12:14:57,562 - SHREECEM | Year=2018 | Computed=23.27 | Source=14.8 | Difference=8.47
2026-07-23 12:14:57,562 - SHREECEM | Year=2019 | Computed=22.98 | Source=14.8 | Difference=8.18
2026-07-23 12:14:57,564 - SHREECEM | Year=2020 | Computed=24.73 | Source=14.8 | Difference=9.93
2026-07-23 12:14:57,564 - SHREECEM | Year=2021 | Computed=25.63 | Source=14.8 | Difference=10.83
2026-07-23 12:14:57,564 - SHREECEM | Year=2022 | Computed=21.72 | Source=14.8 | Difference=6.92
2026-07-23 12:14:57,564 - SHREECEM | Year=2024 | Computed=22.88 | Source=14.8 | Difference=8.08
2026-07-23 12:14:57,564 - SHRIRAMFIN | Year=2013 | Computed=5.37 | Source=11.3 | Difference=5.93
2026-07-23 12:14:57,564 - SHRIRAMFIN | Year=2014 | Computed=4.25 | Source=11.3 | Difference=7.05
2026-07-23 12:14:57,564 - SHRIRAMFIN | Year=2015 | Computed=3.03 | Source=11.3 | Difference=8.27
2026-07-23 12:14:57,564 - SHRIRAMFIN | Year=2016 | Computed=3.05 | Source=11.3 | Difference=8.25
2026-07-23 12:14:57,564 - SHRIRAMFIN | Year=2017 | Computed=3.06 | Source=11.3 | Difference=8.24
2026-07-23 12:14:57,564 - SHRIRAMFIN | Year=2018 | Computed=4.10 | Source=11.3 | Difference=7.20
2026-07-23 12:14:57,564 - SHRIRAMFIN | Year=2019 | Computed=3.68 | Source=11.3 | Difference=7.62
2026-07-23 12:14:57,564 - SHRIRAMFIN | Year=2020 | Computed=3.17 | Source=11.3 | Difference=8.13
2026-07-23 12:14:57,564 - SHRIRAMFIN | Year=2021 | Computed=2.66 | Source=11.3 | Difference=8.64
2026-07-23 12:14:57,564 - SHRIRAMFIN | Year=2022 | Computed=2.61 | Source=11.3 | Difference=8.69
2026-07-23 12:14:57,564 - SHRIRAMFIN | Year=2023 | Computed=4.24 | Source=11.3 | Difference=7.06
2026-07-23 12:14:57,564 - SHRIRAMFIN | Year=2024 | Computed=4.32 | Source=11.3 | Difference=6.98
2026-07-23 12:14:57,564 - SIEMENS | Year=2011 | Computed=38.52 | Source=25.6 | Difference=12.92
2026-07-23 12:14:57,564 - SIEMENS | Year=2015 | Computed=37.75 | Source=25.6 | Difference=12.15
2026-07-23 12:14:57,564 - SIEMENS | Year=2016 | Computed=61.17 | Source=25.6 | Difference=35.57
2026-07-23 12:14:57,564 - SIEMENS | Year=2018 | Computed=19.36 | Source=25.6 | Difference=6.24
2026-07-23 12:14:57,564 - SIEMENS | Year=2020 | Computed=13.89 | Source=25.6 | Difference=11.71
2026-07-23 12:14:57,564 - SIEMENS | Year=2021 | Computed=17.13 | Source=25.6 | Difference=8.47
2026-07-23 12:14:57,564 - SIEMENS | Year=2022 | Computed=19.90 | Source=25.6 | Difference=5.70
2026-07-23 12:14:57,564 - SUNPHARMA | Year=2013 | Computed=30.78 | Source=17.3 | Difference=13.48
2026-07-23 12:14:57,564 - SUNPHARMA | Year=2014 | Computed=23.88 | Source=17.3 | Difference=6.58
2026-07-23 12:14:57,564 - SUNPHARMA | Year=2015 | Computed=23.61 | Source=17.3 | Difference=6.31
2026-07-23 12:14:57,564 - SUNPHARMA | Year=2017 | Computed=23.05 | Source=17.3 | Difference=5.75
2026-07-23 12:14:57,564 - SUNPHARMA | Year=2018 | Computed=11.29 | Source=17.3 | Difference=6.01
2026-07-23 12:14:57,570 - SUNPHARMA | Year=2019 | Computed=11.78 | Source=17.3 | Difference=5.52
2026-07-23 12:14:57,570 - SUNPHARMA | Year=2021 | Computed=9.98 | Source=17.3 | Difference=7.32
2026-07-23 12:14:57,570 - TATACONSUM | Year=2016 | Computed=5.32 | Source=10.6 | Difference=5.28
2026-07-23 12:14:57,570 - TATAMOTORS | Year=2013 | Computed=27.16 | Source=20.1 | Difference=7.06
2026-07-23 12:14:57,570 - TATAMOTORS | Year=2014 | Computed=27.48 | Source=20.1 | Difference=7.38
2026-07-23 12:14:57,570 - TATAMOTORS | Year=2015 | Computed=30.76 | Source=20.1 | Difference=10.66
2026-07-23 12:14:57,570 - TATAMOTORS | Year=2019 | Computed=-1.22 | Source=20.1 | Difference=21.32
2026-07-23 12:14:57,570 - TATAMOTORS | Year=2020 | Computed=9.63 | Source=20.1 | Difference=10.47
2026-07-23 12:14:57,570 - TATAMOTORS | Year=2021 | Computed=10.73 | Source=20.1 | Difference=9.37
2026-07-23 12:14:57,570 - TATAMOTORS | Year=2022 | Computed=14.21 | Source=20.1 | Difference=5.89
2026-07-23 12:14:57,570 - TATAMOTORS | Year=2024 | Computed=33.93 | Source=20.1 | Difference=13.83
2026-07-23 12:14:57,570 - TATAPOWER | Year=2023 | Computed=16.24 | Source=11.1 | Difference=5.14
2026-07-23 12:14:57,574 - TATAPOWER | Year=2024 | Computed=16.45 | Source=11.1 | Difference=5.35
2026-07-23 12:14:57,574 - TATASTEEL | Year=2014 | Computed=13.83 | Source=7.02 | Difference=6.81
2026-07-23 12:14:57,574 - TATASTEEL | Year=2018 | Computed=21.13 | Source=7.02 | Difference=14.11
2026-07-23 12:14:57,574 - TATASTEEL | Year=2019 | Computed=18.17 | Source=7.02 | Difference=11.15
2026-07-23 12:14:57,574 - TATASTEEL | Year=2021 | Computed=18.85 | Source=7.02 | Difference=11.83
2026-07-23 12:14:57,574 - TATASTEEL | Year=2022 | Computed=34.10 | Source=7.02 | Difference=27.08
2026-07-23 12:14:57,574 - TATASTEEL | Year=2023 | Computed=18.02 | Source=7.02 | Difference=11.00
2026-07-23 12:14:57,574 - TCS | Year=2013 | Computed=49.43 | Source=64.3 | Difference=14.87
2026-07-23 12:14:57,576 - TCS | Year=2014 | Computed=54.13 | Source=64.3 | Difference=10.17
2026-07-23 12:14:57,576 - TCS | Year=2015 | Computed=55.31 | Source=64.3 | Difference=8.99
2026-07-23 12:14:57,576 - TCS | Year=2016 | Computed=47.34 | Source=64.3 | Difference=16.96
2026-07-23 12:14:57,576 - TCS | Year=2017 | Computed=42.23 | Source=64.3 | Difference=22.07
2026-07-23 12:14:57,576 - TCS | Year=2018 | Computed=42.35 | Source=64.3 | Difference=21.95
2026-07-23 12:14:57,576 - TCS | Year=2019 | Computed=48.95 | Source=64.3 | Difference=15.35
2026-07-23 12:14:57,576 - TCS | Year=2020 | Computed=50.60 | Source=64.3 | Difference=13.70
2026-07-23 12:14:57,576 - TCS | Year=2021 | Computed=51.43 | Source=64.3 | Difference=12.87
2026-07-23 12:14:57,576 - TCS | Year=2022 | Computed=58.87 | Source=64.3 | Difference=5.43
2026-07-23 12:14:57,576 - TECHM | Year=2013 | Computed=18.82 | Source=11.9 | Difference=6.92
2026-07-23 12:14:57,576 - TECHM | Year=2014 | Computed=46.27 | Source=11.9 | Difference=34.37
2026-07-23 12:14:57,576 - TECHM | Year=2015 | Computed=33.20 | Source=11.9 | Difference=21.30
2026-07-23 12:14:57,576 - TECHM | Year=2016 | Computed=30.05 | Source=11.9 | Difference=18.15
2026-07-23 12:14:57,576 - TECHM | Year=2017 | Computed=27.85 | Source=11.9 | Difference=15.95
2026-07-23 12:14:57,576 - TECHM | Year=2018 | Computed=28.85 | Source=11.9 | Difference=16.95
2026-07-23 12:14:57,576 - TECHM | Year=2019 | Computed=30.54 | Source=11.9 | Difference=18.64
2026-07-23 12:14:57,576 - TECHM | Year=2020 | Computed=26.27 | Source=11.9 | Difference=14.37
2026-07-23 12:14:57,576 - TECHM | Year=2021 | Computed=27.31 | Source=11.9 | Difference=15.41
2026-07-23 12:14:57,576 - TECHM | Year=2022 | Computed=30.96 | Source=11.9 | Difference=19.06
2026-07-23 12:14:57,576 - TECHM | Year=2023 | Computed=28.46 | Source=11.9 | Difference=16.56
2026-07-23 12:14:57,576 - TECHM | Year=2024 | Computed=18.60 | Source=11.9 | Difference=6.70
2026-07-23 12:14:57,576 - TITAN | Year=2013 | Computed=56.50 | Source=22.7 | Difference=33.80
2026-07-23 12:14:57,576 - TITAN | Year=2014 | Computed=34.95 | Source=22.7 | Difference=12.25
2026-07-23 12:14:57,576 - TITAN | Year=2015 | Computed=38.32 | Source=22.7 | Difference=15.62
2026-07-23 12:14:57,576 - TITAN | Year=2016 | Computed=27.85 | Source=22.7 | Difference=5.15
2026-07-23 12:14:57,576 - TITAN | Year=2021 | Computed=14.50 | Source=22.7 | Difference=8.20
2026-07-23 12:14:57,576 - TORNTPHARM | Year=2013 | Computed=33.00 | Source=23.2 | Difference=9.80
2026-07-23 12:14:57,576 - TORNTPHARM | Year=2014 | Computed=32.59 | Source=23.2 | Difference=9.39
2026-07-23 12:14:57,576 - TORNTPHARM | Year=2016 | Computed=47.30 | Source=23.2 | Difference=24.10
2026-07-23 12:14:57,576 - TORNTPHARM | Year=2018 | Computed=14.87 | Source=23.2 | Difference=8.33
2026-07-23 12:14:57,576 - TORNTPHARM | Year=2019 | Computed=15.64 | Source=23.2 | Difference=7.56
2026-07-23 12:14:57,576 - TORNTPHARM | Year=2024 | Computed=32.30 | Source=23.2 | Difference=9.10
2026-07-23 12:14:57,576 - TRENT | Year=2013 | Computed=4.00 | Source=23.8 | Difference=19.80
2026-07-23 12:14:57,576 - TRENT | Year=2014 | Computed=6.12 | Source=23.8 | Difference=17.68
2026-07-23 12:14:57,576 - TRENT | Year=2015 | Computed=17.53 | Source=23.8 | Difference=6.27
2026-07-23 12:14:57,576 - TRENT | Year=2016 | Computed=9.44 | Source=23.8 | Difference=14.36
2026-07-23 12:14:57,576 - TRENT | Year=2017 | Computed=11.09 | Source=23.8 | Difference=12.71
2026-07-23 12:14:57,576 - TRENT | Year=2018 | Computed=11.83 | Source=23.8 | Difference=11.97
2026-07-23 12:14:57,576 - TRENT | Year=2019 | Computed=12.66 | Source=23.8 | Difference=11.14
2026-07-23 12:14:57,576 - TRENT | Year=2021 | Computed=11.98 | Source=23.8 | Difference=11.82
2026-07-23 12:14:57,576 - TRENT | Year=2022 | Computed=10.54 | Source=23.8 | Difference=13.26
2026-07-23 12:14:57,576 - TRENT | Year=2024 | Computed=50.85 | Source=23.8 | Difference=27.05
2026-07-23 12:14:57,576 - INDIGO | Year=2013 | Computed=54266.23 | Source=24.5 | Difference=54241.73
2026-07-23 12:14:57,576 - INDIGO | Year=2014 | Computed=58086.96 | Source=24.5 | Difference=58062.46
2026-07-23 12:14:57,576 - INDIGO | Year=2015 | Computed=39592.11 | Source=24.5 | Difference=39567.61
2026-07-23 12:14:57,576 - INDIGO | Year=2016 | Computed=9458.52 | Source=24.5 | Difference=9434.02
2026-07-23 12:14:57,576 - INDIGO | Year=2017 | Computed=10916.00 | Source=24.5 | Difference=10891.50
2026-07-23 12:14:57,576 - INDIGO | Year=2018 | Computed=12989.61 | Source=24.5 | Difference=12965.11
2026-07-23 12:14:57,586 - INDIGO | Year=2019 | Computed=13201.38 | Source=24.5 | Difference=13176.88
2026-07-23 12:14:57,586 - INDIGO | Year=2020 | Computed=12479.53 | Source=24.5 | Difference=12455.03
2026-07-23 12:14:57,586 - INDIGO | Year=2021 | Computed=2554.62 | Source=24.5 | Difference=2530.12
2026-07-23 12:14:57,586 - INDIGO | Year=2022 | Computed=3833.08 | Source=24.5 | Difference=3808.58
2026-07-23 12:14:57,586 - INDIGO | Year=2023 | Computed=6075.79 | Source=24.5 | Difference=6051.29
2026-07-23 12:14:57,586 - INDIGO | Year=2024 | Computed=5643.45 | Source=24.5 | Difference=5618.95
2026-07-23 12:17:16,609 - ABB | Year=2012 | Computed=36.32 | Source=46.0 | Difference=9.68
2026-07-23 12:17:16,610 - ABB | Year=2014 | Computed=40.10 | Source=46.0 | Difference=5.90
2026-07-23 12:17:16,610 - ABB | Year=2015 | Computed=38.42 | Source=46.0 | Difference=7.58
2026-07-23 12:17:16,612 - ABB | Year=2016 | Computed=34.73 | Source=46.0 | Difference=11.27
2026-07-23 12:17:16,614 - ABB | Year=2017 | Computed=32.80 | Source=46.0 | Difference=13.20
2026-07-23 12:17:16,615 - ABB | Year=2018 | Computed=37.92 | Source=46.0 | Difference=8.08
2026-07-23 12:17:16,616 - ABB | Year=2019 | Computed=35.76 | Source=46.0 | Difference=10.24
2026-07-23 12:17:16,616 - ABB | Year=2020 | Computed=33.42 | Source=46.0 | Difference=12.58
2026-07-23 12:17:16,618 - ABB | Year=2021 | Computed=36.41 | Source=46.0 | Difference=9.59
2026-07-23 12:17:16,619 - ABB | Year=2022 | Computed=39.20 | Source=46.0 | Difference=6.80
2026-07-23 12:17:16,619 - ADANIENSOL | Year=2014 | Computed=0.00 | Source=9.0 | Difference=9.00
2026-07-23 12:17:16,619 - ADANIENSOL | Year=2015 | Computed=0.96 | Source=9.0 | Difference=8.04
2026-07-23 12:17:16,619 - ADANIENSOL | Year=2016 | Computed=17.74 | Source=9.0 | Difference=8.74
2026-07-23 12:17:16,621 - ADANIENSOL | Year=2017 | Computed=16.82 | Source=9.0 | Difference=7.82
2026-07-23 12:17:16,621 - ADANIENSOL | Year=2018 | Computed=17.82 | Source=9.0 | Difference=8.82
2026-07-23 12:17:16,621 - ADANIENSOL | Year=2021 | Computed=14.06 | Source=9.0 | Difference=5.06
2026-07-23 12:17:16,621 - ADANIGREEN | Year=2017 | Computed=8.70 | Source=96.5 | Difference=87.80
2026-07-23 12:17:16,621 - ADANIGREEN | Year=2018 | Computed=7.90 | Source=96.5 | Difference=88.60
2026-07-23 12:17:16,623 - ADANIGREEN | Year=2019 | Computed=12.23 | Source=96.5 | Difference=84.27
2026-07-23 12:17:16,623 - ADANIGREEN | Year=2020 | Computed=7.77 | Source=96.5 | Difference=88.73
2026-07-23 12:17:16,623 - ADANIGREEN | Year=2021 | Computed=9.97 | Source=96.5 | Difference=86.53
2026-07-23 12:17:16,623 - ADANIGREEN | Year=2022 | Computed=7.25 | Source=96.5 | Difference=89.25
2026-07-23 12:17:16,628 - ADANIGREEN | Year=2023 | Computed=9.16 | Source=96.5 | Difference=87.34
2026-07-23 12:17:16,629 - ADANIGREEN | Year=2024 | Computed=11.49 | Source=96.5 | Difference=85.01
2026-07-23 12:17:16,629 - ADANIPORTS | Year=2018 | Computed=18.49 | Source=12.9 | Difference=5.59
2026-07-23 12:17:16,631 - ADANIPOWER | Year=2013 | Computed=2.55 | Source=32.2 | Difference=29.65
2026-07-23 12:17:16,631 - ADANIPOWER | Year=2014 | Computed=9.33 | Source=32.2 | Difference=22.87
2026-07-23 12:17:16,633 - ADANIPOWER | Year=2015 | Computed=11.62 | Source=32.2 | Difference=20.58
2026-07-23 12:17:16,633 - ADANIPOWER | Year=2016 | Computed=14.29 | Source=32.2 | Difference=17.91
2026-07-23 12:17:16,634 - ADANIPOWER | Year=2017 | Computed=4.17 | Source=32.2 | Difference=28.03
2026-07-23 12:17:16,634 - ADANIPOWER | Year=2018 | Computed=11.52 | Source=32.2 | Difference=20.68
2026-07-23 12:17:16,634 - ADANIPOWER | Year=2019 | Computed=13.59 | Source=32.2 | Difference=18.61
2026-07-23 12:17:16,634 - ADANIPOWER | Year=2020 | Computed=9.82 | Source=32.2 | Difference=22.38
2026-07-23 12:17:16,636 - ADANIPOWER | Year=2021 | Computed=16.15 | Source=32.2 | Difference=16.05
2026-07-23 12:17:16,636 - ADANIPOWER | Year=2022 | Computed=20.40 | Source=32.2 | Difference=11.80
2026-07-23 12:17:16,636 - ADANIPOWER | Year=2023 | Computed=19.82 | Source=32.2 | Difference=12.38
2026-07-23 12:17:16,636 - AMBUJACEM | Year=2012 | Computed=28.70 | Source=12.8 | Difference=15.90
2026-07-23 12:17:16,638 - AMBUJACEM | Year=2013 | Computed=21.65 | Source=12.8 | Difference=8.85
2026-07-23 12:17:16,638 - AMBUJACEM | Year=2014 | Computed=23.29 | Source=12.8 | Difference=10.49
2026-07-23 12:17:16,638 - AMBUJACEM | Year=2015 | Computed=18.39 | Source=12.8 | Difference=5.59
2026-07-23 12:17:16,638 - AMBUJACEM | Year=2016 | Computed=18.25 | Source=12.8 | Difference=5.45
2026-07-23 12:17:16,638 - AMBUJACEM | Year=2017 | Computed=20.26 | Source=12.8 | Difference=7.46
2026-07-23 12:17:16,640 - AMBUJACEM | Year=2018 | Computed=18.93 | Source=12.8 | Difference=6.13
2026-07-23 12:17:16,640 - AMBUJACEM | Year=2019 | Computed=21.55 | Source=12.8 | Difference=8.75
2026-07-23 12:17:16,641 - AMBUJACEM | Year=2020 | Computed=22.79 | Source=12.8 | Difference=9.99
2026-07-23 12:17:16,641 - AMBUJACEM | Year=2021 | Computed=25.02 | Source=12.8 | Difference=12.22
2026-07-23 12:17:16,645 - AMBUJACEM | Year=2024 | Computed=18.51 | Source=12.8 | Difference=5.71
2026-07-23 12:17:16,645 - APOLLOHOSP | Year=2020 | Computed=26.14 | Source=17.2 | Difference=8.94
2026-07-23 12:17:16,646 - APOLLOHOSP | Year=2022 | Computed=26.39 | Source=17.2 | Difference=9.19
2026-07-23 12:17:16,646 - ASIANPAINT | Year=2013 | Computed=50.92 | Source=41.75 | Difference=9.17
2026-07-23 12:17:16,648 - ASIANPAINT | Year=2014 | Computed=49.63 | Source=41.75 | Difference=7.88
2026-07-23 12:17:16,648 - ASIANPAINT | Year=2022 | Computed=33.12 | Source=41.75 | Difference=8.63
2026-07-23 12:17:16,648 - BAJAJ-AUTO | Year=2013 | Computed=54.35 | Source=33.5 | Difference=20.85
2026-07-23 12:17:16,650 - BAJAJ-AUTO | Year=2014 | Computed=47.30 | Source=33.5 | Difference=13.80
2026-07-23 12:17:16,651 - BAJAJ-AUTO | Year=2015 | Computed=38.87 | Source=33.5 | Difference=5.37
2026-07-23 12:17:16,651 - BAJAJ-AUTO | Year=2016 | Computed=42.35 | Source=33.5 | Difference=8.85
2026-07-23 12:17:16,651 - BAJAJ-AUTO | Year=2021 | Computed=23.76 | Source=33.5 | Difference=9.74
2026-07-23 12:17:16,651 - BAJAJ-AUTO | Year=2022 | Computed=26.45 | Source=33.5 | Difference=7.05
2026-07-23 12:17:16,651 - BAJAJ-AUTO | Year=2023 | Computed=27.70 | Source=33.5 | Difference=5.80
2026-07-23 12:17:16,653 - BAJAJFINSV | Year=2014 | Computed=15.59 | Source=21.14 | Difference=5.55
2026-07-23 12:17:16,653 - BAJAJFINSV | Year=2015 | Computed=14.76 | Source=21.14 | Difference=6.38
2026-07-23 12:17:16,653 - BAJAJFINSV | Year=2016 | Computed=13.57 | Source=21.14 | Difference=7.57
2026-07-23 12:17:16,653 - BAJAJFINSV | Year=2017 | Computed=13.52 | Source=21.14 | Difference=7.62
2026-07-23 12:17:16,653 - BAJAJFINSV | Year=2018 | Computed=12.52 | Source=21.14 | Difference=8.62
2026-07-23 12:17:16,655 - BAJAJFINSV | Year=2019 | Computed=12.18 | Source=21.14 | Difference=8.96
2026-07-23 12:17:16,655 - BAJAJFINSV | Year=2020 | Computed=11.52 | Source=21.14 | Difference=9.62
2026-07-23 12:17:16,655 - BAJAJFINSV | Year=2021 | Computed=11.95 | Source=21.14 | Difference=9.19
2026-07-23 12:17:16,655 - BAJAJFINSV | Year=2022 | Computed=10.66 | Source=21.14 | Difference=10.48
2026-07-23 12:17:16,655 - BAJAJFINSV | Year=2023 | Computed=11.55 | Source=21.14 | Difference=9.59
2026-07-23 12:17:16,657 - BAJAJFINSV | Year=2024 | Computed=11.71 | Source=21.14 | Difference=9.43
2026-07-23 12:17:16,657 - BAJAJHLDNG | Year=2013 | Computed=3.14 | Source=13.1 | Difference=9.96
2026-07-23 12:17:16,658 - BAJAJHLDNG | Year=2014 | Computed=3.38 | Source=13.1 | Difference=9.72
2026-07-23 12:17:16,658 - BAJAJHLDNG | Year=2015 | Computed=3.88 | Source=13.1 | Difference=9.22
2026-07-23 12:17:16,658 - BAJAJHLDNG | Year=2016 | Computed=2.85 | Source=13.1 | Difference=10.25
2026-07-23 12:17:16,658 - BAJAJHLDNG | Year=2017 | Computed=3.57 | Source=13.1 | Difference=9.53
2026-07-23 12:17:16,660 - BAJFINANCE | Year=2015 | Computed=5.65 | Source=11.9 | Difference=6.25
2026-07-23 12:17:16,660 - BAJFINANCE | Year=2016 | Computed=5.36 | Source=11.9 | Difference=6.54
2026-07-23 12:17:16,660 - BAJFINANCE | Year=2017 | Computed=5.57 | Source=11.9 | Difference=6.33
2026-07-23 12:17:16,660 - BAJFINANCE | Year=2018 | Computed=5.03 | Source=11.9 | Difference=6.87
2026-07-23 12:17:16,660 - BAJFINANCE | Year=2019 | Computed=4.52 | Source=11.9 | Difference=7.38
2026-07-23 12:17:16,662 - BAJFINANCE | Year=2020 | Computed=5.67 | Source=11.9 | Difference=6.23
2026-07-23 12:17:16,662 - BAJFINANCE | Year=2021 | Computed=6.44 | Source=11.9 | Difference=5.46
2026-07-23 12:17:16,662 - BAJFINANCE | Year=2022 | Computed=5.70 | Source=11.9 | Difference=6.20
2026-07-23 12:17:16,664 - BAJFINANCE | Year=2023 | Computed=4.70 | Source=11.9 | Difference=7.20
2026-07-23 12:17:16,664 - BAJFINANCE | Year=2024 | Computed=4.36 | Source=11.9 | Difference=7.54
2026-07-23 12:17:16,665 - BHARTIARTL | Year=2013 | Computed=20.60 | Source=13.1 | Difference=7.50
2026-07-23 12:17:16,665 - BHARTIARTL | Year=2014 | Computed=21.67 | Source=13.1 | Difference=8.57
2026-07-23 12:17:16,665 - BHARTIARTL | Year=2015 | Computed=28.29 | Source=13.1 | Difference=15.19
2026-07-23 12:17:16,665 - BHARTIARTL | Year=2016 | Computed=23.20 | Source=13.1 | Difference=10.10
2026-07-23 12:17:16,666 - BHARTIARTL | Year=2017 | Computed=21.20 | Source=13.1 | Difference=8.10
2026-07-23 12:17:16,666 - BHARTIARTL | Year=2020 | Computed=-0.52 | Source=13.1 | Difference=13.62
2026-07-23 12:17:16,666 - BHARTIARTL | Year=2021 | Computed=18.52 | Source=13.1 | Difference=5.42
2026-07-23 12:17:16,666 - BHARTIARTL | Year=2022 | Computed=26.33 | Source=13.1 | Difference=13.23
2026-07-23 12:17:16,668 - BHARTIARTL | Year=2023 | Computed=23.81 | Source=13.1 | Difference=10.71
2026-07-23 12:17:16,668 - BHARTIARTL | Year=2024 | Computed=25.10 | Source=13.1 | Difference=12.00
2026-07-23 12:17:16,668 - BEL | Year=2013 | Computed=4303.33 | Source=34.6 | Difference=4268.73
2026-07-23 12:17:16,668 - BEL | Year=2014 | Computed=4867.86 | Source=34.6 | Difference=4833.26
2026-07-23 12:17:16,668 - BEL | Year=2015 | Computed=5109.09 | Source=34.6 | Difference=5074.49
2026-07-23 12:17:16,670 - BEL | Year=2016 | Computed=5313.51 | Source=34.6 | Difference=5278.91
2026-07-23 12:17:16,670 - BEL | Year=2017 | Computed=5027.27 | Source=34.6 | Difference=4992.67
2026-07-23 12:17:16,670 - BEL | Year=2018 | Computed=2829.11 | Source=34.6 | Difference=2794.51
2026-07-23 12:17:16,670 - BEL | Year=2019 | Computed=3106.25 | Source=34.6 | Difference=3071.65
2026-07-23 12:17:16,670 - BEL | Year=2020 | Computed=2886.87 | Source=34.6 | Difference=2852.27
2026-07-23 12:17:16,672 - BEL | Year=2021 | Computed=3091.67 | Source=34.6 | Difference=3057.07
2026-07-23 12:17:16,672 - BEL | Year=2022 | Computed=2815.75 | Source=34.6 | Difference=2781.15
2026-07-23 12:17:16,672 - BEL | Year=2023 | Computed=3834.21 | Source=34.6 | Difference=3799.61
2026-07-23 12:17:16,672 - BEL | Year=2024 | Computed=4504.72 | Source=34.6 | Difference=4470.12
2026-07-23 12:17:16,672 - BHEL | Year=2013 | Computed=31.93 | Source=3.28 | Difference=28.65
2026-07-23 12:17:16,674 - BHEL | Year=2014 | Computed=16.36 | Source=3.28 | Difference=13.08
2026-07-23 12:17:16,674 - BHEL | Year=2015 | Computed=9.31 | Source=3.28 | Difference=6.03
2026-07-23 12:17:16,674 - BHEL | Year=2021 | Computed=-8.59 | Source=3.28 | Difference=11.87
2026-07-23 12:17:16,674 - BOSCHLTD | Year=2012 | Computed=29.62 | Source=20.6 | Difference=9.02
2026-07-23 12:17:16,674 - BOSCHLTD | Year=2015 | Computed=33.76 | Source=20.6 | Difference=13.16
2026-07-23 12:17:16,676 - BOSCHLTD | Year=2016 | Computed=26.09 | Source=20.6 | Difference=5.49
2026-07-23 12:17:16,676 - BOSCHLTD | Year=2017 | Computed=32.67 | Source=20.6 | Difference=12.07
2026-07-23 12:17:16,676 - BOSCHLTD | Year=2019 | Computed=30.17 | Source=20.6 | Difference=9.57
2026-07-23 12:17:16,676 - BOSCHLTD | Year=2020 | Computed=14.75 | Source=20.6 | Difference=5.85
2026-07-23 12:17:16,676 - BOSCHLTD | Year=2021 | Computed=9.33 | Source=20.6 | Difference=11.27
2026-07-23 12:17:16,678 - BOSCHLTD | Year=2024 | Computed=30.25 | Source=20.6 | Difference=9.65
2026-07-23 12:17:16,678 - BPCL | Year=2013 | Computed=16.42 | Source=32.1 | Difference=15.68
2026-07-23 12:17:16,678 - BPCL | Year=2014 | Computed=20.46 | Source=32.1 | Difference=11.64
2026-07-23 12:17:16,679 - BPCL | Year=2015 | Computed=24.76 | Source=32.1 | Difference=7.34
2026-07-23 12:17:16,679 - BPCL | Year=2017 | Computed=24.80 | Source=32.1 | Difference=7.30
2026-07-23 12:17:16,680 - BPCL | Year=2018 | Computed=24.56 | Source=32.1 | Difference=7.54
2026-07-23 12:17:16,680 - BPCL | Year=2019 | Computed=21.63 | Source=32.1 | Difference=10.47
2026-07-23 12:17:16,680 - BPCL | Year=2020 | Computed=10.16 | Source=32.1 | Difference=21.94
2026-07-23 12:17:16,680 - BPCL | Year=2021 | Computed=26.36 | Source=32.1 | Difference=5.74
2026-07-23 12:17:16,680 - BPCL | Year=2022 | Computed=20.68 | Source=32.1 | Difference=11.42
2026-07-23 12:17:16,682 - BPCL | Year=2023 | Computed=10.52 | Source=32.1 | Difference=21.58
2026-07-23 12:17:16,682 - BRITANNIA | Year=2014 | Computed=69.73 | Source=48.9 | Difference=20.83
2026-07-23 12:17:16,682 - BRITANNIA | Year=2015 | Computed=78.99 | Source=48.9 | Difference=30.09
2026-07-23 12:17:16,682 - BRITANNIA | Year=2016 | Computed=60.23 | Source=48.9 | Difference=11.33
2026-07-23 12:17:16,682 - BRITANNIA | Year=2020 | Computed=35.45 | Source=48.9 | Difference=13.45
2026-07-23 12:17:16,684 - BRITANNIA | Year=2024 | Computed=56.24 | Source=48.9 | Difference=7.34
2026-07-23 12:17:16,684 - CHOLAFIN | Year=2013 | Computed=4.10 | Source=10.4 | Difference=6.30
2026-07-23 12:17:16,684 - CHOLAFIN | Year=2014 | Computed=4.67 | Source=10.4 | Difference=5.73
2026-07-23 12:17:16,684 - CHOLAFIN | Year=2015 | Computed=4.77 | Source=10.4 | Difference=5.63
2026-07-23 12:17:16,684 - CHOLAFIN | Year=2016 | Computed=4.91 | Source=10.4 | Difference=5.49
2026-07-23 12:17:16,686 - CHOLAFIN | Year=2017 | Computed=4.74 | Source=10.4 | Difference=5.66
2026-07-23 12:17:16,686 - CHOLAFIN | Year=2018 | Computed=3.40 | Source=10.4 | Difference=7.00
2026-07-23 12:17:16,686 - CHOLAFIN | Year=2019 | Computed=2.92 | Source=10.4 | Difference=7.48
2026-07-23 12:17:16,686 - CHOLAFIN | Year=2020 | Computed=3.86 | Source=10.4 | Difference=6.54
2026-07-23 12:17:16,686 - CHOLAFIN | Year=2021 | Computed=4.00 | Source=10.4 | Difference=6.40
2026-07-23 12:17:16,688 - CHOLAFIN | Year=2022 | Computed=3.65 | Source=10.4 | Difference=6.75
2026-07-23 12:17:16,688 - CHOLAFIN | Year=2023 | Computed=3.27 | Source=10.4 | Difference=7.13
2026-07-23 12:17:16,688 - CHOLAFIN | Year=2024 | Computed=3.51 | Source=10.4 | Difference=6.89
2026-07-23 12:17:16,688 - CIPLA | Year=2013 | Computed=61.01 | Source=22.8 | Difference=38.21
2026-07-23 12:17:16,688 - CIPLA | Year=2014 | Computed=71.22 | Source=22.8 | Difference=48.42
2026-07-23 12:17:16,690 - CIPLA | Year=2015 | Computed=73.59 | Source=22.8 | Difference=50.79
2026-07-23 12:17:16,690 - CIPLA | Year=2016 | Computed=67.76 | Source=22.8 | Difference=44.96
2026-07-23 12:17:16,690 - CIPLA | Year=2017 | Computed=71.53 | Source=22.8 | Difference=48.73
2026-07-23 12:17:16,690 - CIPLA | Year=2018 | Computed=67.38 | Source=22.8 | Difference=44.58
2026-07-23 12:17:16,690 - CIPLA | Year=2019 | Computed=68.73 | Source=22.8 | Difference=45.93
2026-07-23 12:17:16,693 - CIPLA | Year=2020 | Computed=75.06 | Source=22.8 | Difference=52.26
2026-07-23 12:17:16,693 - CIPLA | Year=2021 | Computed=73.40 | Source=22.8 | Difference=50.60
2026-07-23 12:17:16,693 - CIPLA | Year=2022 | Computed=78.70 | Source=22.8 | Difference=55.90
2026-07-23 12:17:16,693 - CIPLA | Year=2023 | Computed=73.31 | Source=22.8 | Difference=50.51
2026-07-23 12:17:16,693 - CIPLA | Year=2024 | Computed=71.55 | Source=22.8 | Difference=48.75
2026-07-23 12:17:16,695 - COALINDIA | Year=2013 | Computed=100.93 | Source=63.6 | Difference=37.33
2026-07-23 12:17:16,695 - COALINDIA | Year=2014 | Computed=124.15 | Source=63.6 | Difference=60.55
2026-07-23 12:17:16,695 - COALINDIA | Year=2015 | Computed=139.35 | Source=63.6 | Difference=75.75
2026-07-23 12:17:16,695 - COALINDIA | Year=2016 | Computed=164.22 | Source=63.6 | Difference=100.62
2026-07-23 12:17:16,695 - COALINDIA | Year=2017 | Computed=238.75 | Source=63.6 | Difference=175.15
2026-07-23 12:17:16,697 - COALINDIA | Year=2018 | Computed=349.82 | Source=63.6 | Difference=286.22
2026-07-23 12:17:16,697 - COALINDIA | Year=2019 | Computed=260.26 | Source=63.6 | Difference=196.66
2026-07-23 12:17:16,697 - COALINDIA | Year=2020 | Computed=193.11 | Source=63.6 | Difference=129.51
2026-07-23 12:17:16,698 - COALINDIA | Year=2021 | Computed=168.43 | Source=63.6 | Difference=104.83
2026-07-23 12:17:16,698 - COALINDIA | Year=2022 | Computed=182.22 | Source=63.6 | Difference=118.62
2026-07-23 12:17:16,698 - COALINDIA | Year=2023 | Computed=144.31 | Source=63.6 | Difference=80.71
2026-07-23 12:17:16,698 - COALINDIA | Year=2024 | Computed=105.75 | Source=63.6 | Difference=42.15
2026-07-23 12:17:16,698 - DABUR | Year=2013 | Computed=33.64 | Source=22.3 | Difference=11.34
2026-07-23 12:17:16,698 - DABUR | Year=2014 | Computed=38.29 | Source=22.3 | Difference=15.99
2026-07-23 12:17:16,700 - DABUR | Year=2015 | Computed=36.06 | Source=22.3 | Difference=13.76
2026-07-23 12:17:16,700 - DABUR | Year=2016 | Computed=34.87 | Source=22.3 | Difference=12.57
2026-07-23 12:17:16,700 - DABUR | Year=2017 | Computed=31.05 | Source=22.3 | Difference=8.75
2026-07-23 12:17:16,700 - DABUR | Year=2018 | Computed=28.72 | Source=22.3 | Difference=6.42
2026-07-23 12:17:16,700 - DABUR | Year=2019 | Computed=30.99 | Source=22.3 | Difference=8.69
2026-07-23 12:17:16,702 - DABUR | Year=2020 | Computed=28.02 | Source=22.3 | Difference=5.72
2026-07-23 12:17:16,702 - DABUR | Year=2021 | Computed=28.47 | Source=22.3 | Difference=6.17
2026-07-23 12:17:16,702 - DIVISLAB | Year=2013 | Computed=33.98 | Source=16.5 | Difference=17.48
2026-07-23 12:17:16,702 - DIVISLAB | Year=2014 | Computed=36.42 | Source=16.5 | Difference=19.92
2026-07-23 12:17:16,702 - DIVISLAB | Year=2015 | Computed=34.37 | Source=16.5 | Difference=17.87
2026-07-23 12:17:16,704 - DIVISLAB | Year=2016 | Computed=34.97 | Source=16.5 | Difference=18.47
2026-07-23 12:17:16,704 - DIVISLAB | Year=2017 | Computed=28.22 | Source=16.5 | Difference=11.72
2026-07-23 12:17:16,704 - DIVISLAB | Year=2018 | Computed=22.98 | Source=16.5 | Difference=6.48
2026-07-23 12:17:16,704 - DIVISLAB | Year=2019 | Computed=28.71 | Source=16.5 | Difference=12.21
2026-07-23 12:17:16,706 - DIVISLAB | Year=2020 | Computed=27.38 | Source=16.5 | Difference=10.88
2026-07-23 12:17:16,706 - DIVISLAB | Year=2021 | Computed=31.44 | Source=16.5 | Difference=14.94
2026-07-23 12:17:16,707 - DIVISLAB | Year=2022 | Computed=34.07 | Source=16.5 | Difference=17.57
2026-07-23 12:17:16,707 - DLF | Year=2018 | Computed=22.92 | Source=5.74 | Difference=17.18
2026-07-23 12:17:16,707 - DMART | Year=2016 | Computed=25.10 | Source=19.4 | Difference=5.70
2026-07-23 12:17:16,707 - DMART | Year=2018 | Computed=28.21 | Source=19.4 | Difference=8.81
2026-07-23 12:17:16,707 - DMART | Year=2019 | Computed=26.74 | Source=19.4 | Difference=7.34
2026-07-23 12:17:16,709 - DRREDDY | Year=2017 | Computed=15.39 | Source=26.5 | Difference=11.11
2026-07-23 12:17:16,709 - DRREDDY | Year=2018 | Computed=14.20 | Source=26.5 | Difference=12.30
2026-07-23 12:17:16,709 - DRREDDY | Year=2019 | Computed=19.92 | Source=26.5 | Difference=6.58
2026-07-23 12:17:16,709 - DRREDDY | Year=2020 | Computed=17.67 | Source=26.5 | Difference=8.83
2026-07-23 12:17:16,711 - DRREDDY | Year=2021 | Computed=20.36 | Source=26.5 | Difference=6.14
2026-07-23 12:17:16,711 - DRREDDY | Year=2022 | Computed=19.13 | Source=26.5 | Difference=7.37
2026-07-23 12:17:16,711 - EICHERMOT | Year=2012 | Computed=38.58 | Source=31.1 | Difference=7.48
2026-07-23 12:17:16,711 - EICHERMOT | Year=2013 | Computed=37.77 | Source=31.1 | Difference=6.67
2026-07-23 12:17:16,711 - EICHERMOT | Year=2014 | Computed=47.51 | Source=31.1 | Difference=16.41
2026-07-23 12:17:16,713 - EICHERMOT | Year=2016 | Computed=54.84 | Source=31.1 | Difference=23.74
2026-07-23 12:17:16,713 - EICHERMOT | Year=2017 | Computed=47.46 | Source=31.1 | Difference=16.36
2026-07-23 12:17:16,713 - EICHERMOT | Year=2018 | Computed=46.58 | Source=31.1 | Difference=15.48
2026-07-23 12:17:16,713 - EICHERMOT | Year=2019 | Computed=39.59 | Source=31.1 | Difference=8.49
2026-07-23 12:17:16,713 - EICHERMOT | Year=2021 | Computed=19.43 | Source=31.1 | Difference=11.67
2026-07-23 12:17:16,715 - EICHERMOT | Year=2022 | Computed=21.03 | Source=31.1 | Difference=10.07
2026-07-23 12:17:16,715 - GAIL | Year=2019 | Computed=24.17 | Source=14.7 | Difference=9.47
2026-07-23 12:17:16,715 - GAIL | Year=2020 | Computed=22.82 | Source=14.7 | Difference=8.12
2026-07-23 12:17:16,715 - GAIL | Year=2022 | Computed=24.66 | Source=14.7 | Difference=9.96
2026-07-23 12:17:16,715 - GODREJCP | Year=2013 | Computed=20.61 | Source=26.49 | Difference=5.88
2026-07-23 12:17:16,715 - GODREJCP | Year=2014 | Computed=20.02 | Source=26.49 | Difference=6.47
2026-07-23 12:17:16,717 - GODREJCP | Year=2015 | Computed=20.66 | Source=26.49 | Difference=5.83
2026-07-23 12:17:16,717 - GODREJCP | Year=2016 | Computed=19.49 | Source=26.49 | Difference=7.00
2026-07-23 12:17:16,717 - GODREJCP | Year=2017 | Computed=21.32 | Source=26.49 | Difference=5.17
2026-07-23 12:17:16,717 - GODREJCP | Year=2020 | Computed=19.05 | Source=26.49 | Difference=7.44
2026-07-23 12:17:16,717 - GODREJCP | Year=2021 | Computed=21.43 | Source=26.49 | Difference=5.06
2026-07-23 12:17:16,719 - GODREJCP | Year=2022 | Computed=18.76 | Source=26.49 | Difference=7.73
2026-07-23 12:17:16,719 - GODREJCP | Year=2023 | Computed=17.13 | Source=26.49 | Difference=9.36
2026-07-23 12:17:16,719 - GODREJCP | Year=2024 | Computed=4.73 | Source=26.49 | Difference=21.76
2026-07-23 12:17:16,719 - GRASIM | Year=2013 | Computed=23.10 | Source=9.3 | Difference=13.80
2026-07-23 12:17:16,719 - GRASIM | Year=2014 | Computed=17.55 | Source=9.3 | Difference=8.25
2026-07-23 12:17:16,719 - GRASIM | Year=2015 | Computed=16.18 | Source=9.3 | Difference=6.88
2026-07-23 12:17:16,721 - GRASIM | Year=2016 | Computed=18.11 | Source=9.3 | Difference=8.81
2026-07-23 12:17:16,721 - GRASIM | Year=2017 | Computed=20.84 | Source=9.3 | Difference=11.54
2026-07-23 12:17:16,721 - GRASIM | Year=2022 | Computed=14.68 | Source=9.3 | Difference=5.38
2026-07-23 12:17:16,722 - HAL | Year=2017 | Computed=3170.37 | Source=38.9 | Difference=3131.47
2026-07-23 12:17:16,722 - HAL | Year=2018 | Computed=3173.68 | Source=38.9 | Difference=3134.78
2026-07-23 12:17:16,722 - HAL | Year=2019 | Computed=3507.09 | Source=38.9 | Difference=3468.19
2026-07-23 12:17:16,722 - HAL | Year=2020 | Computed=3782.14 | Source=38.9 | Difference=3743.24
2026-07-23 12:17:16,722 - HAL | Year=2021 | Computed=3800.67 | Source=38.9 | Difference=3761.77
2026-07-23 12:17:16,722 - HAL | Year=2022 | Computed=3882.42 | Source=38.9 | Difference=3843.52
2026-07-23 12:17:16,724 - HAL | Year=2023 | Computed=3723.66 | Source=38.9 | Difference=3684.76
2026-07-23 12:17:16,724 - HAL | Year=2024 | Computed=3617.39 | Source=38.9 | Difference=3578.49
2026-07-23 12:17:16,724 - HAVELLS | Year=2013 | Computed=36.96 | Source=24.4 | Difference=12.56
2026-07-23 12:17:16,724 - HAVELLS | Year=2014 | Computed=29.85 | Source=24.4 | Difference=5.45
2026-07-23 12:17:16,724 - HAVELLS | Year=2015 | Computed=35.82 | Source=24.4 | Difference=11.42
2026-07-23 12:17:16,724 - HAVELLS | Year=2016 | Computed=55.20 | Source=24.4 | Difference=30.80
2026-07-23 12:17:16,726 - HAVELLS | Year=2019 | Computed=30.59 | Source=24.4 | Difference=6.19
2026-07-23 12:17:16,726 - HAVELLS | Year=2021 | Computed=31.17 | Source=24.4 | Difference=6.77
2026-07-23 12:17:16,726 - HCLTECH | Year=2013 | Computed=42.31 | Source=29.6 | Difference=12.71
2026-07-23 12:17:16,726 - HCLTECH | Year=2014 | Computed=42.36 | Source=29.6 | Difference=12.76
2026-07-23 12:17:16,726 - HCLTECH | Year=2015 | Computed=38.65 | Source=29.6 | Difference=9.05
2026-07-23 12:17:16,726 - HCLTECH | Year=2024 | Computed=34.71 | Source=29.6 | Difference=5.11
2026-07-23 12:17:16,728 - HDFCBANK | Year=2023 | Computed=2.60 | Source=7.67 | Difference=5.07
2026-07-23 12:17:16,728 - HDFCLIFE | Year=2013 | Computed=1012.64 | Source=6.61 | Difference=1006.03
2026-07-23 12:17:16,728 - HDFCLIFE | Year=2014 | Computed=859.18 | Source=6.61 | Difference=852.57
2026-07-23 12:17:16,728 - HDFCLIFE | Year=2015 | Computed=1036.76 | Source=6.61 | Difference=1030.15
2026-07-23 12:17:16,728 - HDFCLIFE | Year=2016 | Computed=554.04 | Source=6.61 | Difference=547.43
2026-07-23 12:17:16,728 - HDFCLIFE | Year=2017 | Computed=775.67 | Source=6.61 | Difference=769.06
2026-07-23 12:17:16,730 - HDFCLIFE | Year=2018 | Computed=662.89 | Source=6.61 | Difference=656.28
2026-07-23 12:17:16,730 - HDFCLIFE | Year=2019 | Computed=667.19 | Source=6.61 | Difference=660.58
2026-07-23 12:17:16,730 - HDFCLIFE | Year=2020 | Computed=414.91 | Source=6.61 | Difference=408.30
2026-07-23 12:17:16,731 - HDFCLIFE | Year=2021 | Computed=760.78 | Source=6.61 | Difference=754.17
2026-07-23 12:17:16,731 - HDFCLIFE | Year=2022 | Computed=409.21 | Source=6.61 | Difference=402.60
2026-07-23 12:17:16,731 - HDFCLIFE | Year=2023 | Computed=502.95 | Source=6.61 | Difference=496.34
2026-07-23 12:17:16,731 - HDFCLIFE | Year=2024 | Computed=646.47 | Source=6.61 | Difference=639.86
2026-07-23 12:17:16,731 - HEROMOTOCO | Year=2014 | Computed=367.97 | Source=29.1 | Difference=338.87
2026-07-23 12:17:16,731 - HEROMOTOCO | Year=2015 | Computed=361.91 | Source=29.1 | Difference=332.81
2026-07-23 12:17:16,733 - HEROMOTOCO | Year=2016 | Computed=265.27 | Source=29.1 | Difference=236.17
2026-07-23 12:17:16,733 - HEROMOTOCO | Year=2017 | Computed=227.30 | Source=29.1 | Difference=198.20
2026-07-23 12:17:16,733 - HEROMOTOCO | Year=2018 | Computed=222.46 | Source=29.1 | Difference=193.36
2026-07-23 12:17:16,733 - HEROMOTOCO | Year=2019 | Computed=215.61 | Source=29.1 | Difference=186.51
2026-07-23 12:17:16,733 - HEROMOTOCO | Year=2020 | Computed=169.58 | Source=29.1 | Difference=140.48
2026-07-23 12:17:16,733 - HEROMOTOCO | Year=2021 | Computed=168.22 | Source=29.1 | Difference=139.12
2026-07-23 12:17:16,735 - HEROMOTOCO | Year=2022 | Computed=159.90 | Source=29.1 | Difference=130.80
2026-07-23 12:17:16,735 - HEROMOTOCO | Year=2023 | Computed=174.59 | Source=29.1 | Difference=145.49
2026-07-23 12:17:16,735 - HEROMOTOCO | Year=2024 | Computed=177.92 | Source=29.1 | Difference=148.82
2026-07-23 12:17:16,735 - HINDALCO | Year=2013 | Computed=78.57 | Source=11.3 | Difference=67.27
2026-07-23 12:17:16,735 - HINDALCO | Year=2014 | Computed=75.63 | Source=11.3 | Difference=64.33
2026-07-23 12:17:16,735 - HINDALCO | Year=2015 | Computed=89.37 | Source=11.3 | Difference=78.07
2026-07-23 12:17:16,737 - HINDALCO | Year=2016 | Computed=84.12 | Source=11.3 | Difference=72.82
2026-07-23 12:17:16,737 - HINDALCO | Year=2017 | Computed=79.98 | Source=11.3 | Difference=68.68
2026-07-23 12:17:16,737 - HINDALCO | Year=2018 | Computed=94.93 | Source=11.3 | Difference=83.63
2026-07-23 12:17:16,738 - HINDALCO | Year=2019 | Computed=104.66 | Source=11.3 | Difference=93.36
2026-07-23 12:17:16,738 - HINDALCO | Year=2020 | Computed=81.95 | Source=11.3 | Difference=70.65
2026-07-23 12:17:16,738 - HINDALCO | Year=2021 | Computed=85.59 | Source=11.3 | Difference=74.29
2026-07-23 12:17:16,738 - HINDALCO | Year=2022 | Computed=116.86 | Source=11.3 | Difference=105.56
2026-07-23 12:17:16,738 - HINDALCO | Year=2023 | Computed=129.30 | Source=11.3 | Difference=118.00
2026-07-23 12:17:16,740 - HINDALCO | Year=2024 | Computed=118.21 | Source=11.3 | Difference=106.91
2026-07-23 12:17:16,740 - HINDUNILVR | Year=2013 | Computed=788.93 | Source=27.2 | Difference=761.73
2026-07-23 12:17:16,740 - HINDUNILVR | Year=2014 | Computed=683.53 | Source=27.2 | Difference=656.33
2026-07-23 12:17:16,740 - HINDUNILVR | Year=2015 | Computed=653.00 | Source=27.2 | Difference=625.80
2026-07-23 12:17:16,740 - HINDUNILVR | Year=2016 | Computed=389.54 | Source=27.2 | Difference=362.34
2026-07-23 12:17:16,740 - HINDUNILVR | Year=2017 | Computed=382.47 | Source=27.2 | Difference=355.27
2026-07-23 12:17:16,742 - HINDUNILVR | Year=2018 | Computed=385.48 | Source=27.2 | Difference=358.28
2026-07-23 12:17:16,742 - HINDUNILVR | Year=2019 | Computed=382.29 | Source=27.2 | Difference=355.09
2026-07-23 12:17:16,742 - HINDUNILVR | Year=2020 | Computed=363.92 | Source=27.2 | Difference=336.72
2026-07-23 12:17:16,742 - HINDUNILVR | Year=2021 | Computed=74.31 | Source=27.2 | Difference=47.11
2026-07-23 12:17:16,742 - HINDUNILVR | Year=2022 | Computed=79.06 | Source=27.2 | Difference=51.86
2026-07-23 12:17:16,742 - HINDUNILVR | Year=2023 | Computed=90.17 | Source=27.2 | Difference=62.97
2026-07-23 12:17:16,744 - HINDUNILVR | Year=2024 | Computed=89.68 | Source=27.2 | Difference=62.48
2026-07-23 12:17:16,744 - ICICIGI | Year=2013 | Computed=223.90 | Source=22.5 | Difference=201.40
2026-07-23 12:17:16,744 - ICICIGI | Year=2014 | Computed=191.02 | Source=22.5 | Difference=168.52
2026-07-23 12:17:16,744 - ICICIGI | Year=2015 | Computed=154.23 | Source=22.5 | Difference=131.73
2026-07-23 12:17:16,744 - ICICIGI | Year=2016 | Computed=163.18 | Source=22.5 | Difference=140.68
2026-07-23 12:17:16,744 - ICICIGI | Year=2017 | Computed=150.78 | Source=22.5 | Difference=128.28
2026-07-23 12:17:16,746 - ICICIGI | Year=2018 | Computed=142.66 | Source=22.5 | Difference=120.16
2026-07-23 12:17:16,746 - ICICIGI | Year=2019 | Computed=161.58 | Source=22.5 | Difference=139.08
2026-07-23 12:17:16,746 - ICICIGI | Year=2020 | Computed=147.45 | Source=22.5 | Difference=124.95
2026-07-23 12:17:16,746 - ICICIGI | Year=2021 | Computed=125.02 | Source=22.5 | Difference=102.52
2026-07-23 12:17:16,746 - ICICIGI | Year=2022 | Computed=158.93 | Source=22.5 | Difference=136.43
2026-07-23 12:17:16,746 - ICICIGI | Year=2023 | Computed=158.59 | Source=22.5 | Difference=136.09
2026-07-23 12:17:16,748 - ICICIGI | Year=2024 | Computed=146.43 | Source=22.5 | Difference=123.93
2026-07-23 12:17:16,748 - ICICIPRULI | Year=2013 | Computed=486.85 | Source=8.75 | Difference=478.10
2026-07-23 12:17:16,748 - ICICIPRULI | Year=2014 | Computed=465.23 | Source=8.75 | Difference=456.48
2026-07-23 12:17:16,748 - ICICIPRULI | Year=2015 | Computed=623.04 | Source=8.75 | Difference=614.29
2026-07-23 12:17:16,748 - ICICIPRULI | Year=2016 | Computed=299.39 | Source=8.75 | Difference=290.64
2026-07-23 12:17:16,748 - ICICIPRULI | Year=2017 | Computed=562.21 | Source=8.75 | Difference=553.46
2026-07-23 12:17:16,750 - ICICIPRULI | Year=2018 | Computed=563.84 | Source=8.75 | Difference=555.09
2026-07-23 12:17:16,750 - ICICIPRULI | Year=2019 | Computed=595.59 | Source=8.75 | Difference=586.84
2026-07-23 12:17:16,750 - ICICIPRULI | Year=2020 | Computed=295.88 | Source=8.75 | Difference=287.13
2026-07-23 12:17:16,750 - ICICIPRULI | Year=2021 | Computed=810.67 | Source=8.75 | Difference=801.92
2026-07-23 12:17:16,750 - ICICIPRULI | Year=2022 | Computed=634.53 | Source=8.75 | Difference=625.78
2026-07-23 12:17:16,750 - ICICIPRULI | Year=2023 | Computed=462.64 | Source=8.75 | Difference=453.89
2026-07-23 12:17:16,750 - ICICIPRULI | Year=2024 | Computed=754.89 | Source=8.75 | Difference=746.14
2026-07-23 12:17:16,752 - INDUSINDBK | Year=2013 | Computed=2.74 | Source=7.93 | Difference=5.19
2026-07-23 12:17:16,752 - INFY | Year=2016 | Computed=32.71 | Source=40.0 | Difference=7.29
2026-07-23 12:17:16,752 - INFY | Year=2017 | Computed=31.39 | Source=40.0 | Difference=8.61
2026-07-23 12:17:16,752 - INFY | Year=2018 | Computed=34.09 | Source=40.0 | Difference=5.91
2026-07-23 12:17:16,752 - INFY | Year=2023 | Computed=45.20 | Source=40.0 | Difference=5.20
2026-07-23 12:17:16,754 - IOC | Year=2013 | Computed=11.37 | Source=21.31 | Difference=9.94
2026-07-23 12:17:16,754 - IOC | Year=2014 | Computed=13.69 | Source=21.31 | Difference=7.62
2026-07-23 12:17:16,754 - IOC | Year=2015 | Computed=12.29 | Source=21.31 | Difference=9.02
2026-07-23 12:17:16,754 - IOC | Year=2020 | Computed=3.95 | Source=21.31 | Difference=17.36
2026-07-23 12:17:16,754 - IOC | Year=2023 | Computed=12.40 | Source=21.31 | Difference=8.91
2026-07-23 12:17:16,756 - IRCTC | Year=2016 | Computed=60.70 | Source=53.8 | Difference=6.90
2026-07-23 12:17:16,756 - IRCTC | Year=2017 | Computed=48.41 | Source=53.8 | Difference=5.39
2026-07-23 12:17:16,756 - IRCTC | Year=2018 | Computed=39.06 | Source=53.8 | Difference=14.74
2026-07-23 12:17:16,756 - IRCTC | Year=2019 | Computed=47.53 | Source=53.8 | Difference=6.27
2026-07-23 12:17:16,756 - IRCTC | Year=2020 | Computed=59.36 | Source=53.8 | Difference=5.56
2026-07-23 12:17:16,756 - IRCTC | Year=2021 | Computed=20.33 | Source=53.8 | Difference=33.47
2026-07-23 12:17:16,758 - IRCTC | Year=2022 | Computed=47.90 | Source=53.8 | Difference=5.90
2026-07-23 12:17:16,758 - IRCTC | Year=2024 | Computed=47.78 | Source=53.8 | Difference=6.02
2026-07-23 12:17:16,758 - ITC | Year=2013 | Computed=51.90 | Source=34.76 | Difference=17.14
2026-07-23 12:17:16,758 - ITC | Year=2014 | Computed=51.12 | Source=34.76 | Difference=16.36
2026-07-23 12:17:16,758 - ITC | Year=2015 | Computed=48.37 | Source=34.76 | Difference=13.61
2026-07-23 12:17:16,758 - ITC | Year=2023 | Computed=40.03 | Source=34.76 | Difference=5.27
2026-07-23 12:17:16,760 - JINDALSTEL | Year=2015 | Computed=6.11 | Source=13.2 | Difference=7.09
2026-07-23 12:17:16,760 - JINDALSTEL | Year=2016 | Computed=4.24 | Source=13.2 | Difference=8.96
2026-07-23 12:17:16,760 - JINDALSTEL | Year=2017 | Computed=5.73 | Source=13.2 | Difference=7.47
2026-07-23 12:17:16,760 - JINDALSTEL | Year=2018 | Computed=8.02 | Source=13.2 | Difference=5.18
2026-07-23 12:17:16,760 - JINDALSTEL | Year=2021 | Computed=18.22 | Source=13.2 | Difference=5.02
2026-07-23 12:17:16,760 - JINDALSTEL | Year=2022 | Computed=27.84 | Source=13.2 | Difference=14.64
2026-07-23 12:17:16,762 - JSWENERGY | Year=2013 | Computed=16.95 | Source=8.59 | Difference=8.36
2026-07-23 12:17:16,762 - JSWENERGY | Year=2014 | Computed=18.44 | Source=8.59 | Difference=9.85
2026-07-23 12:17:16,762 - JSWENERGY | Year=2015 | Computed=22.72 | Source=8.59 | Difference=14.13
2026-07-23 12:17:16,762 - JSWENERGY | Year=2016 | Computed=17.78 | Source=8.59 | Difference=9.19
2026-07-23 12:17:16,762 - JSWENERGY | Year=2017 | Computed=14.34 | Source=8.59 | Difference=5.75
2026-07-23 12:17:16,762 - JSWENERGY | Year=2019 | Computed=14.54 | Source=8.59 | Difference=5.95
2026-07-23 12:17:16,764 - JSWENERGY | Year=2020 | Computed=15.51 | Source=8.59 | Difference=6.92
2026-07-23 12:17:16,764 - JSWENERGY | Year=2021 | Computed=13.82 | Source=8.59 | Difference=5.23
2026-07-23 12:17:16,764 - JSWENERGY | Year=2022 | Computed=15.73 | Source=8.59 | Difference=7.14
2026-07-23 12:17:16,764 - JSWSTEEL | Year=2016 | Computed=7.28 | Source=13.36 | Difference=6.08
2026-07-23 12:17:16,764 - JSWSTEEL | Year=2017 | Computed=18.68 | Source=13.36 | Difference=5.32
2026-07-23 12:17:16,764 - JSWSTEEL | Year=2018 | Computed=21.87 | Source=13.36 | Difference=8.51
2026-07-23 12:17:16,766 - JSWSTEEL | Year=2019 | Computed=23.27 | Source=13.36 | Difference=9.91
2026-07-23 12:17:16,766 - JSWSTEEL | Year=2021 | Computed=18.92 | Source=13.36 | Difference=5.56
2026-07-23 12:17:16,766 - JSWSTEEL | Year=2022 | Computed=29.18 | Source=13.36 | Difference=15.82
2026-07-23 12:17:16,766 - LICI | Year=2019 | Computed=3.16 | Source=63.79 | Difference=60.63
2026-07-23 12:17:16,766 - LICI | Year=2020 | Computed=5.47 | Source=63.79 | Difference=58.32
2026-07-23 12:17:16,766 - LICI | Year=2021 | Computed=182.46 | Source=63.79 | Difference=118.67
2026-07-23 12:17:16,766 - LICI | Year=2022 | Computed=110.89 | Source=63.79 | Difference=47.10
2026-07-23 12:17:16,768 - LICI | Year=2023 | Computed=90.86 | Source=63.79 | Difference=27.07
2026-07-23 12:17:16,768 - LICI | Year=2024 | Computed=57.53 | Source=63.79 | Difference=6.26
2026-07-23 12:17:16,768 - LODHA | Year=2021 | Computed=5.45 | Source=11.1 | Difference=5.65
2026-07-23 12:17:16,768 - LODHA | Year=2023 | Computed=4.73 | Source=11.1 | Difference=6.37
2026-07-23 12:17:16,768 - LT | Year=2013 | Computed=884.74 | Source=17.18 | Difference=867.56
2026-07-23 12:17:16,769 - LT | Year=2014 | Computed=896.69 | Source=17.18 | Difference=879.51
2026-07-23 12:17:16,769 - LT | Year=2015 | Computed=762.30 | Source=17.18 | Difference=745.12
2026-07-23 12:17:16,769 - LT | Year=2016 | Computed=766.28 | Source=17.18 | Difference=749.10
2026-07-23 12:17:16,769 - LT | Year=2017 | Computed=575.25 | Source=17.18 | Difference=558.07
2026-07-23 12:17:16,769 - LT | Year=2018 | Computed=558.96 | Source=17.18 | Difference=541.78
2026-07-23 12:17:16,772 - LT | Year=2019 | Computed=522.52 | Source=17.18 | Difference=505.34
2026-07-23 12:17:16,772 - LT | Year=2020 | Computed=436.48 | Source=17.18 | Difference=419.30
2026-07-23 12:17:16,772 - LT | Year=2021 | Computed=389.67 | Source=17.18 | Difference=372.49
2026-07-23 12:17:16,772 - LT | Year=2022 | Computed=183.40 | Source=17.18 | Difference=166.22
2026-07-23 12:17:16,772 - LT | Year=2023 | Computed=165.76 | Source=17.18 | Difference=148.58
2026-07-23 12:17:16,772 - LT | Year=2024 | Computed=152.62 | Source=17.18 | Difference=135.44
2026-07-23 12:17:16,774 - LTIM | Year=2013 | Computed=56.71 | Source=34.1 | Difference=22.61
2026-07-23 12:17:16,774 - LTIM | Year=2014 | Computed=79.30 | Source=34.1 | Difference=45.20
2026-07-23 12:17:16,774 - LTIM | Year=2015 | Computed=49.20 | Source=34.1 | Difference=15.10
2026-07-23 12:17:16,774 - LTIM | Year=2016 | Computed=55.73 | Source=34.1 | Difference=21.63
2026-07-23 12:17:16,774 - LTIM | Year=2017 | Computed=45.07 | Source=34.1 | Difference=10.97
2026-07-23 12:17:16,774 - LTIM | Year=2018 | Computed=41.79 | Source=34.1 | Difference=7.69
2026-07-23 12:17:16,776 - LTIM | Year=2019 | Computed=44.66 | Source=34.1 | Difference=10.56
2026-07-23 12:17:16,776 - LTIM | Year=2022 | Computed=41.35 | Source=34.1 | Difference=7.25
2026-07-23 12:17:16,776 - M&M | Year=2013 | Computed=20.46 | Source=26.98 | Difference=6.52
2026-07-23 12:17:16,776 - M&M | Year=2014 | Computed=18.71 | Source=26.98 | Difference=8.27
2026-07-23 12:17:16,776 - M&M | Year=2015 | Computed=15.04 | Source=26.98 | Difference=11.94
2026-07-23 12:17:16,776 - M&M | Year=2016 | Computed=16.87 | Source=26.98 | Difference=10.11
2026-07-23 12:17:16,778 - M&M | Year=2017 | Computed=16.31 | Source=26.98 | Difference=10.67
2026-07-23 12:17:16,778 - M&M | Year=2018 | Computed=18.98 | Source=26.98 | Difference=8.00
2026-07-23 12:17:16,778 - M&M | Year=2019 | Computed=16.14 | Source=26.98 | Difference=10.84
2026-07-23 12:17:16,778 - M&M | Year=2020 | Computed=9.05 | Source=26.98 | Difference=17.93
2026-07-23 12:17:16,778 - M&M | Year=2021 | Computed=10.34 | Source=26.98 | Difference=16.64
2026-07-23 12:17:16,778 - M&M | Year=2022 | Computed=14.34 | Source=26.98 | Difference=12.64
2026-07-23 12:17:16,780 - M&M | Year=2023 | Computed=16.31 | Source=26.98 | Difference=10.67
2026-07-23 12:17:16,780 - M&M | Year=2024 | Computed=16.12 | Source=26.98 | Difference=10.86
2026-07-23 12:17:16,780 - MARUTI | Year=2015 | Computed=30.86 | Source=23.67 | Difference=7.19
2026-07-23 12:17:16,780 - MARUTI | Year=2016 | Computed=34.00 | Source=23.67 | Difference=10.33
2026-07-23 12:17:16,780 - MARUTI | Year=2017 | Computed=34.13 | Source=23.67 | Difference=10.46
2026-07-23 12:17:16,780 - MARUTI | Year=2018 | Computed=33.44 | Source=23.67 | Difference=9.77
2026-07-23 12:17:16,782 - MARUTI | Year=2019 | Computed=29.04 | Source=23.67 | Difference=5.37
2026-07-23 12:17:16,782 - MARUTI | Year=2021 | Computed=15.94 | Source=23.67 | Difference=7.73
2026-07-23 12:17:16,782 - MARUTI | Year=2022 | Computed=13.65 | Source=23.67 | Difference=10.02
2026-07-23 12:17:16,782 - MOTHERSON | Year=2013 | Computed=25.00 | Source=13.7 | Difference=11.30
2026-07-23 12:17:16,782 - MOTHERSON | Year=2014 | Computed=34.72 | Source=13.7 | Difference=21.02
2026-07-23 12:17:16,784 - MOTHERSON | Year=2015 | Computed=36.14 | Source=13.7 | Difference=22.44
2026-07-23 12:17:16,784 - MOTHERSON | Year=2016 | Computed=35.59 | Source=13.7 | Difference=21.89
2026-07-23 12:17:16,784 - MOTHERSON | Year=2017 | Computed=24.26 | Source=13.7 | Difference=10.56
2026-07-23 12:17:16,784 - MOTHERSON | Year=2018 | Computed=25.93 | Source=13.7 | Difference=12.23
2026-07-23 12:17:16,784 - MOTHERSON | Year=2019 | Computed=25.25 | Source=13.7 | Difference=11.55
2026-07-23 12:17:16,784 - MOTHERSON | Year=2020 | Computed=21.71 | Source=13.7 | Difference=8.01
2026-07-23 12:17:16,785 - MOTHERSON | Year=2021 | Computed=20.16 | Source=13.7 | Difference=6.46
2026-07-23 12:17:16,785 - MOTHERSON | Year=2024 | Computed=20.54 | Source=13.7 | Difference=6.84
2026-07-23 12:17:16,785 - NAUKRI | Year=2013 | Computed=23.81 | Source=3.65 | Difference=20.16
2026-07-23 12:17:16,785 - NAUKRI | Year=2014 | Computed=21.55 | Source=3.65 | Difference=17.90
2026-07-23 12:17:16,785 - NAUKRI | Year=2016 | Computed=13.08 | Source=3.65 | Difference=9.43
2026-07-23 12:17:16,787 - NAUKRI | Year=2018 | Computed=30.30 | Source=3.65 | Difference=26.65
2026-07-23 12:17:16,787 - NAUKRI | Year=2019 | Computed=29.32 | Source=3.65 | Difference=25.67
2026-07-23 12:17:16,787 - NAUKRI | Year=2020 | Computed=-2.82 | Source=3.65 | Difference=6.47
2026-07-23 12:17:16,787 - NAUKRI | Year=2021 | Computed=30.36 | Source=3.65 | Difference=26.71
2026-07-23 12:17:16,787 - NAUKRI | Year=2022 | Computed=82.38 | Source=3.65 | Difference=78.73
2026-07-23 12:17:16,787 - NESTLEIND | Year=2013 | Computed=57.49 | Source=185.43 | Difference=127.94
2026-07-23 12:17:16,789 - NESTLEIND | Year=2014 | Computed=74.41 | Source=185.43 | Difference=111.02
2026-07-23 12:17:16,789 - NESTLEIND | Year=2015 | Computed=41.06 | Source=185.43 | Difference=144.37
2026-07-23 12:17:16,789 - NESTLEIND | Year=2016 | Computed=60.03 | Source=185.43 | Difference=125.40
2026-07-23 12:17:16,789 - NESTLEIND | Year=2017 | Computed=65.82 | Source=185.43 | Difference=119.61
2026-07-23 12:17:16,789 - NESTLEIND | Year=2018 | Computed=77.59 | Source=185.43 | Difference=107.84
2026-07-23 12:17:16,789 - NESTLEIND | Year=2019 | Computed=150.59 | Source=185.43 | Difference=34.84
2026-07-23 12:17:16,791 - NESTLEIND | Year=2020 | Computed=154.57 | Source=185.43 | Difference=30.86
2026-07-23 12:17:16,791 - NESTLEIND | Year=2021 | Computed=155.97 | Source=185.43 | Difference=29.46
2026-07-23 12:17:16,791 - NESTLEIND | Year=2022 | Computed=139.67 | Source=185.43 | Difference=45.76
2026-07-23 12:17:16,791 - NESTLEIND | Year=2023 | Computed=168.02 | Source=185.43 | Difference=17.41
2026-07-23 12:17:16,791 - NESTLEIND | Year=2024 | Computed=162.06 | Source=185.43 | Difference=23.37
2026-07-23 12:17:16,791 - NHPC | Year=2015 | Computed=13.11 | Source=7.67 | Difference=5.44
2026-07-23 12:17:16,793 - NHPC | Year=2017 | Computed=14.78 | Source=7.67 | Difference=7.11
2026-07-23 12:17:16,793 - NHPC | Year=2019 | Computed=13.46 | Source=7.67 | Difference=5.79
2026-07-23 12:17:16,793 - ONGC | Year=2013 | Computed=28.28 | Source=19.71 | Difference=8.57
2026-07-23 12:17:16,793 - ONGC | Year=2014 | Computed=25.44 | Source=19.71 | Difference=5.73
2026-07-23 12:17:16,793 - ONGC | Year=2019 | Computed=25.99 | Source=19.71 | Difference=6.28
2026-07-23 12:17:16,793 - PFC | Year=2013 | Computed=3.68 | Source=9.96 | Difference=6.28
2026-07-23 12:17:16,795 - PFC | Year=2014 | Computed=4.09 | Source=9.96 | Difference=5.87
2026-07-23 12:17:16,795 - PFC | Year=2015 | Computed=3.84 | Source=9.96 | Difference=6.12
2026-07-23 12:17:16,795 - PFC | Year=2016 | Computed=3.88 | Source=9.96 | Difference=6.08
2026-07-23 12:17:16,795 - PFC | Year=2017 | Computed=2.21 | Source=9.96 | Difference=7.75
2026-07-23 12:17:16,795 - PFC | Year=2018 | Computed=2.45 | Source=9.96 | Difference=7.51
2026-07-23 12:17:16,795 - PFC | Year=2019 | Computed=3.05 | Source=9.96 | Difference=6.91
2026-07-23 12:17:16,797 - PFC | Year=2020 | Computed=2.19 | Source=9.96 | Difference=7.77
2026-07-23 12:17:16,797 - PFC | Year=2021 | Computed=2.76 | Source=9.96 | Difference=7.20
2026-07-23 12:17:16,797 - PFC | Year=2022 | Computed=3.20 | Source=9.96 | Difference=6.76
2026-07-23 12:17:16,797 - PFC | Year=2023 | Computed=3.18 | Source=9.96 | Difference=6.78
2026-07-23 12:17:16,797 - PFC | Year=2024 | Computed=3.49 | Source=9.96 | Difference=6.47
2026-07-23 12:17:16,799 - PIDILITIND | Year=2013 | Computed=37.74 | Source=29.7 | Difference=8.04
2026-07-23 12:17:16,799 - PIDILITIND | Year=2014 | Computed=35.54 | Source=29.7 | Difference=5.84
2026-07-23 12:17:16,799 - PIDILITIND | Year=2015 | Computed=34.84 | Source=29.7 | Difference=5.14
2026-07-23 12:17:16,799 - PIDILITIND | Year=2016 | Computed=46.14 | Source=29.7 | Difference=16.44
2026-07-23 12:17:16,799 - PIDILITIND | Year=2017 | Computed=38.58 | Source=29.7 | Difference=8.88
2026-07-23 12:17:16,801 - PIDILITIND | Year=2018 | Computed=40.39 | Source=29.7 | Difference=10.69
2026-07-23 12:17:16,801 - PIDILITIND | Year=2019 | Computed=35.23 | Source=29.7 | Difference=5.53
2026-07-23 12:17:16,801 - PIDILITIND | Year=2020 | Computed=35.27 | Source=29.7 | Difference=5.57
2026-07-23 12:17:16,801 - POWERGRID | Year=2022 | Computed=19.21 | Source=13.2 | Difference=6.01
2026-07-23 12:17:16,801 - POWERGRID | Year=2023 | Computed=19.22 | Source=13.2 | Difference=6.02
2026-07-23 12:17:16,801 - POWERGRID | Year=2024 | Computed=19.17 | Source=13.2 | Difference=5.97
2026-07-23 12:17:16,803 - SBILIFE | Year=2013 | Computed=26.28 | Source=13.2 | Difference=13.08
2026-07-23 12:17:16,803 - SBILIFE | Year=2014 | Computed=25.48 | Source=13.2 | Difference=12.28
2026-07-23 12:17:16,803 - SBILIFE | Year=2015 | Computed=24.09 | Source=13.2 | Difference=10.89
2026-07-23 12:17:16,803 - SBILIFE | Year=2016 | Computed=22.16 | Source=13.2 | Difference=8.96
2026-07-23 12:17:16,803 - SBILIFE | Year=2017 | Computed=21.74 | Source=13.2 | Difference=8.54
2026-07-23 12:17:16,805 - SBILIFE | Year=2018 | Computed=22.79 | Source=13.2 | Difference=9.59
2026-07-23 12:17:16,805 - SBILIFE | Year=2019 | Computed=22.97 | Source=13.2 | Difference=9.77
2026-07-23 12:17:16,805 - SBILIFE | Year=2020 | Computed=21.50 | Source=13.2 | Difference=8.30
2026-07-23 12:17:16,805 - SHREECEM | Year=2013 | Computed=34.06 | Source=14.8 | Difference=19.26
2026-07-23 12:17:16,805 - SHREECEM | Year=2014 | Computed=25.27 | Source=14.8 | Difference=10.47
2026-07-23 12:17:16,805 - SHREECEM | Year=2015 | Computed=23.35 | Source=14.8 | Difference=8.55
2026-07-23 12:17:16,807 - SHREECEM | Year=2017 | Computed=31.98 | Source=14.8 | Difference=17.18
2026-07-23 12:17:16,807 - SHREECEM | Year=2018 | Computed=23.27 | Source=14.8 | Difference=8.47
2026-07-23 12:17:16,807 - SHREECEM | Year=2019 | Computed=22.98 | Source=14.8 | Difference=8.18
2026-07-23 12:17:16,807 - SHREECEM | Year=2020 | Computed=24.73 | Source=14.8 | Difference=9.93
2026-07-23 12:17:16,807 - SHREECEM | Year=2021 | Computed=25.63 | Source=14.8 | Difference=10.83
2026-07-23 12:17:16,807 - SHREECEM | Year=2022 | Computed=21.72 | Source=14.8 | Difference=6.92
2026-07-23 12:17:16,809 - SHREECEM | Year=2024 | Computed=22.88 | Source=14.8 | Difference=8.08
2026-07-23 12:17:16,809 - SHRIRAMFIN | Year=2013 | Computed=5.37 | Source=11.3 | Difference=5.93
2026-07-23 12:17:16,809 - SHRIRAMFIN | Year=2014 | Computed=4.25 | Source=11.3 | Difference=7.05
2026-07-23 12:17:16,809 - SHRIRAMFIN | Year=2015 | Computed=3.03 | Source=11.3 | Difference=8.27
2026-07-23 12:17:16,809 - SHRIRAMFIN | Year=2016 | Computed=3.05 | Source=11.3 | Difference=8.25
2026-07-23 12:17:16,809 - SHRIRAMFIN | Year=2017 | Computed=3.06 | Source=11.3 | Difference=8.24
2026-07-23 12:17:16,811 - SHRIRAMFIN | Year=2018 | Computed=4.10 | Source=11.3 | Difference=7.20
2026-07-23 12:17:16,811 - SHRIRAMFIN | Year=2019 | Computed=3.68 | Source=11.3 | Difference=7.62
2026-07-23 12:17:16,811 - SHRIRAMFIN | Year=2020 | Computed=3.17 | Source=11.3 | Difference=8.13
2026-07-23 12:17:16,811 - SHRIRAMFIN | Year=2021 | Computed=2.66 | Source=11.3 | Difference=8.64
2026-07-23 12:17:16,811 - SHRIRAMFIN | Year=2022 | Computed=2.61 | Source=11.3 | Difference=8.69
2026-07-23 12:17:16,813 - SHRIRAMFIN | Year=2023 | Computed=4.24 | Source=11.3 | Difference=7.06
2026-07-23 12:17:16,813 - SHRIRAMFIN | Year=2024 | Computed=4.32 | Source=11.3 | Difference=6.98
2026-07-23 12:17:16,813 - SIEMENS | Year=2011 | Computed=38.52 | Source=25.6 | Difference=12.92
2026-07-23 12:17:16,813 - SIEMENS | Year=2015 | Computed=37.75 | Source=25.6 | Difference=12.15
2026-07-23 12:17:16,813 - SIEMENS | Year=2016 | Computed=61.17 | Source=25.6 | Difference=35.57
2026-07-23 12:17:16,813 - SIEMENS | Year=2018 | Computed=19.36 | Source=25.6 | Difference=6.24
2026-07-23 12:17:16,815 - SIEMENS | Year=2020 | Computed=13.89 | Source=25.6 | Difference=11.71
2026-07-23 12:17:16,815 - SIEMENS | Year=2021 | Computed=17.13 | Source=25.6 | Difference=8.47
2026-07-23 12:17:16,815 - SIEMENS | Year=2022 | Computed=19.90 | Source=25.6 | Difference=5.70
2026-07-23 12:17:16,815 - SUNPHARMA | Year=2013 | Computed=30.78 | Source=17.3 | Difference=13.48
2026-07-23 12:17:16,815 - SUNPHARMA | Year=2014 | Computed=23.88 | Source=17.3 | Difference=6.58
2026-07-23 12:17:16,815 - SUNPHARMA | Year=2015 | Computed=23.61 | Source=17.3 | Difference=6.31
2026-07-23 12:17:16,817 - SUNPHARMA | Year=2017 | Computed=23.05 | Source=17.3 | Difference=5.75
2026-07-23 12:17:16,817 - SUNPHARMA | Year=2018 | Computed=11.29 | Source=17.3 | Difference=6.01
2026-07-23 12:17:16,817 - SUNPHARMA | Year=2019 | Computed=11.78 | Source=17.3 | Difference=5.52
2026-07-23 12:17:16,817 - SUNPHARMA | Year=2021 | Computed=9.98 | Source=17.3 | Difference=7.32
2026-07-23 12:17:16,817 - TATACONSUM | Year=2016 | Computed=5.32 | Source=10.6 | Difference=5.28
2026-07-23 12:17:16,819 - TATAMOTORS | Year=2013 | Computed=27.16 | Source=20.1 | Difference=7.06
2026-07-23 12:17:16,819 - TATAMOTORS | Year=2014 | Computed=27.48 | Source=20.1 | Difference=7.38
2026-07-23 12:17:16,819 - TATAMOTORS | Year=2015 | Computed=30.76 | Source=20.1 | Difference=10.66
2026-07-23 12:17:16,819 - TATAMOTORS | Year=2019 | Computed=-1.22 | Source=20.1 | Difference=21.32
2026-07-23 12:17:16,819 - TATAMOTORS | Year=2020 | Computed=9.63 | Source=20.1 | Difference=10.47
2026-07-23 12:17:16,819 - TATAMOTORS | Year=2021 | Computed=10.73 | Source=20.1 | Difference=9.37
2026-07-23 12:17:16,821 - TATAMOTORS | Year=2022 | Computed=14.21 | Source=20.1 | Difference=5.89
2026-07-23 12:17:16,821 - TATAMOTORS | Year=2024 | Computed=33.93 | Source=20.1 | Difference=13.83
2026-07-23 12:17:16,821 - TATAPOWER | Year=2023 | Computed=16.24 | Source=11.1 | Difference=5.14
2026-07-23 12:17:16,821 - TATAPOWER | Year=2024 | Computed=16.45 | Source=11.1 | Difference=5.35
2026-07-23 12:17:16,821 - TATASTEEL | Year=2014 | Computed=13.83 | Source=7.02 | Difference=6.81
2026-07-23 12:17:16,821 - TATASTEEL | Year=2018 | Computed=21.13 | Source=7.02 | Difference=14.11
2026-07-23 12:17:16,823 - TATASTEEL | Year=2019 | Computed=18.17 | Source=7.02 | Difference=11.15
2026-07-23 12:17:16,823 - TATASTEEL | Year=2021 | Computed=18.85 | Source=7.02 | Difference=11.83
2026-07-23 12:17:16,823 - TATASTEEL | Year=2022 | Computed=34.10 | Source=7.02 | Difference=27.08
2026-07-23 12:17:16,823 - TATASTEEL | Year=2023 | Computed=18.02 | Source=7.02 | Difference=11.00
2026-07-23 12:17:16,823 - TCS | Year=2013 | Computed=49.43 | Source=64.3 | Difference=14.87
2026-07-23 12:17:16,823 - TCS | Year=2014 | Computed=54.13 | Source=64.3 | Difference=10.17
2026-07-23 12:17:16,825 - TCS | Year=2015 | Computed=55.31 | Source=64.3 | Difference=8.99
2026-07-23 12:17:16,825 - TCS | Year=2016 | Computed=47.34 | Source=64.3 | Difference=16.96
2026-07-23 12:17:16,825 - TCS | Year=2017 | Computed=42.23 | Source=64.3 | Difference=22.07
2026-07-23 12:17:16,825 - TCS | Year=2018 | Computed=42.35 | Source=64.3 | Difference=21.95
2026-07-23 12:17:16,825 - TCS | Year=2019 | Computed=48.95 | Source=64.3 | Difference=15.35
2026-07-23 12:17:16,825 - TCS | Year=2020 | Computed=50.60 | Source=64.3 | Difference=13.70
2026-07-23 12:17:16,827 - TCS | Year=2021 | Computed=51.43 | Source=64.3 | Difference=12.87
2026-07-23 12:17:16,827 - TCS | Year=2022 | Computed=58.87 | Source=64.3 | Difference=5.43
2026-07-23 12:17:16,827 - TECHM | Year=2013 | Computed=18.82 | Source=11.9 | Difference=6.92
2026-07-23 12:17:16,827 - TECHM | Year=2014 | Computed=46.27 | Source=11.9 | Difference=34.37
2026-07-23 12:17:16,827 - TECHM | Year=2015 | Computed=33.20 | Source=11.9 | Difference=21.30
2026-07-23 12:17:16,827 - TECHM | Year=2016 | Computed=30.05 | Source=11.9 | Difference=18.15
2026-07-23 12:17:16,829 - TECHM | Year=2017 | Computed=27.85 | Source=11.9 | Difference=15.95
2026-07-23 12:17:16,829 - TECHM | Year=2018 | Computed=28.85 | Source=11.9 | Difference=16.95
2026-07-23 12:17:16,829 - TECHM | Year=2019 | Computed=30.54 | Source=11.9 | Difference=18.64
2026-07-23 12:17:16,829 - TECHM | Year=2020 | Computed=26.27 | Source=11.9 | Difference=14.37
2026-07-23 12:17:16,829 - TECHM | Year=2021 | Computed=27.31 | Source=11.9 | Difference=15.41
2026-07-23 12:17:16,831 - TECHM | Year=2022 | Computed=30.96 | Source=11.9 | Difference=19.06
2026-07-23 12:17:16,831 - TECHM | Year=2023 | Computed=28.46 | Source=11.9 | Difference=16.56
2026-07-23 12:17:16,831 - TECHM | Year=2024 | Computed=18.60 | Source=11.9 | Difference=6.70
2026-07-23 12:17:16,831 - TITAN | Year=2013 | Computed=56.50 | Source=22.7 | Difference=33.80
2026-07-23 12:17:16,831 - TITAN | Year=2014 | Computed=34.95 | Source=22.7 | Difference=12.25
2026-07-23 12:17:16,833 - TITAN | Year=2015 | Computed=38.32 | Source=22.7 | Difference=15.62
2026-07-23 12:17:16,833 - TITAN | Year=2016 | Computed=27.85 | Source=22.7 | Difference=5.15
2026-07-23 12:17:16,833 - TITAN | Year=2021 | Computed=14.50 | Source=22.7 | Difference=8.20
2026-07-23 12:17:16,833 - TORNTPHARM | Year=2013 | Computed=33.00 | Source=23.2 | Difference=9.80
2026-07-23 12:17:16,833 - TORNTPHARM | Year=2014 | Computed=32.59 | Source=23.2 | Difference=9.39
2026-07-23 12:17:16,833 - TORNTPHARM | Year=2016 | Computed=47.30 | Source=23.2 | Difference=24.10
2026-07-23 12:17:16,835 - TORNTPHARM | Year=2018 | Computed=14.87 | Source=23.2 | Difference=8.33
2026-07-23 12:17:16,835 - TORNTPHARM | Year=2019 | Computed=15.64 | Source=23.2 | Difference=7.56
2026-07-23 12:17:16,835 - TORNTPHARM | Year=2024 | Computed=32.30 | Source=23.2 | Difference=9.10
2026-07-23 12:17:16,835 - TRENT | Year=2013 | Computed=4.00 | Source=23.8 | Difference=19.80
2026-07-23 12:17:16,835 - TRENT | Year=2014 | Computed=6.12 | Source=23.8 | Difference=17.68
2026-07-23 12:17:16,837 - TRENT | Year=2015 | Computed=17.53 | Source=23.8 | Difference=6.27
2026-07-23 12:17:16,837 - TRENT | Year=2016 | Computed=9.44 | Source=23.8 | Difference=14.36
2026-07-23 12:17:16,837 - TRENT | Year=2017 | Computed=11.09 | Source=23.8 | Difference=12.71
2026-07-23 12:17:16,837 - TRENT | Year=2018 | Computed=11.83 | Source=23.8 | Difference=11.97
2026-07-23 12:17:16,837 - TRENT | Year=2019 | Computed=12.66 | Source=23.8 | Difference=11.14
2026-07-23 12:17:16,837 - TRENT | Year=2021 | Computed=11.98 | Source=23.8 | Difference=11.82
2026-07-23 12:17:16,837 - TRENT | Year=2022 | Computed=10.54 | Source=23.8 | Difference=13.26
2026-07-23 12:17:16,839 - TRENT | Year=2024 | Computed=50.85 | Source=23.8 | Difference=27.05
2026-07-23 12:17:16,839 - INDIGO | Year=2013 | Computed=54266.23 | Source=24.5 | Difference=54241.73
2026-07-23 12:17:16,839 - INDIGO | Year=2014 | Computed=58086.96 | Source=24.5 | Difference=58062.46
2026-07-23 12:17:16,839 - INDIGO | Year=2015 | Computed=39592.11 | Source=24.5 | Difference=39567.61
2026-07-23 12:17:16,839 - INDIGO | Year=2016 | Computed=9458.52 | Source=24.5 | Difference=9434.02
2026-07-23 12:17:16,841 - INDIGO | Year=2017 | Computed=10916.00 | Source=24.5 | Difference=10891.50
2026-07-23 12:17:16,841 - INDIGO | Year=2018 | Computed=12989.61 | Source=24.5 | Difference=12965.11
2026-07-23 12:17:16,841 - INDIGO | Year=2019 | Computed=13201.38 | Source=24.5 | Difference=13176.88
2026-07-23 12:17:16,841 - INDIGO | Year=2020 | Computed=12479.53 | Source=24.5 | Difference=12455.03
2026-07-23 12:17:16,841 - INDIGO | Year=2021 | Computed=2554.62 | Source=24.5 | Difference=2530.12
2026-07-23 12:17:16,841 - INDIGO | Year=2022 | Computed=3833.08 | Source=24.5 | Difference=3808.58
2026-07-23 12:17:16,843 - INDIGO | Year=2023 | Computed=6075.79 | Source=24.5 | Difference=6051.29
2026-07-23 12:17:16,843 - INDIGO | Year=2024 | Computed=5643.45 | Source=24.5 | Difference=5618.95
2026-07-23 12:17:16,848 - ROE | ABB | Year=2012 | Computed=22.41 | Source=34.9 | Difference=12.49
2026-07-23 12:17:16,850 - ROE | ABB | Year=2014 | Computed=25.13 | Source=34.9 | Difference=9.77
2026-07-23 12:17:16,850 - ROE | ABB | Year=2015 | Computed=24.44 | Source=34.9 | Difference=10.46
2026-07-23 12:17:16,850 - ROE | ABB | Year=2016 | Computed=21.34 | Source=34.9 | Difference=13.56
2026-07-23 12:17:16,850 - ROE | ABB | Year=2017 | Computed=19.97 | Source=34.9 | Difference=14.93
2026-07-23 12:17:16,850 - ROE | ABB | Year=2018 | Computed=23.69 | Source=34.9 | Difference=11.21
2026-07-23 12:17:16,850 - ROE | ABB | Year=2019 | Computed=22.41 | Source=34.9 | Difference=12.49
2026-07-23 12:17:16,850 - ROE | ABB | Year=2020 | Computed=24.39 | Source=34.9 | Difference=10.51
2026-07-23 12:17:16,850 - ROE | ABB | Year=2021 | Computed=26.56 | Source=34.9 | Difference=8.34
2026-07-23 12:17:16,850 - ROE | ABB | Year=2022 | Computed=28.33 | Source=34.9 | Difference=6.57
2026-07-23 12:17:16,854 - ROE | ABB | Year=2023 | Computed=29.77 | Source=34.9 | Difference=5.13
2026-07-23 12:17:16,854 - ROE | ADANIENSOL | Year=2014 | Computed=0.00 | Source=8.59 | Difference=8.59
2026-07-23 12:17:16,854 - ROE | ADANIENSOL | Year=2015 | Computed=-0.65 | Source=8.59 | Difference=9.24
2026-07-23 12:17:16,854 - ROE | ADANIENSOL | Year=2016 | Computed=13.77 | Source=8.59 | Difference=5.18
2026-07-23 12:17:16,854 - ROE | ADANIENSOL | Year=2017 | Computed=14.12 | Source=8.59 | Difference=5.53
2026-07-23 12:17:16,854 - ROE | ADANIENSOL | Year=2018 | Computed=18.87 | Source=8.59 | Difference=10.28
2026-07-23 12:17:16,854 - ROE | ADANIENSOL | Year=2021 | Computed=14.46 | Source=8.59 | Difference=5.87
2026-07-23 12:17:16,854 - ROE | ADANIENT | Year=2013 | Computed=5.69 | Source=13.64 | Difference=7.95
2026-07-23 12:17:16,854 - ROE | ADANIENT | Year=2016 | Computed=7.47 | Source=13.64 | Difference=6.17
2026-07-23 12:17:16,854 - ROE | ADANIENT | Year=2017 | Computed=6.54 | Source=13.64 | Difference=7.10
2026-07-23 12:17:16,854 - ROE | ADANIENT | Year=2018 | Computed=3.94 | Source=13.64 | Difference=9.70
2026-07-23 12:17:16,854 - ROE | ADANIENT | Year=2019 | Computed=3.43 | Source=13.64 | Difference=10.21
2026-07-23 12:17:16,854 - ROE | ADANIENT | Year=2020 | Computed=6.14 | Source=13.64 | Difference=7.50
2026-07-23 12:17:16,854 - ROE | ADANIENT | Year=2021 | Computed=6.10 | Source=13.64 | Difference=7.54
2026-07-23 12:17:16,854 - ROE | ADANIENT | Year=2022 | Computed=3.54 | Source=13.64 | Difference=10.10
2026-07-23 12:17:16,854 - ROE | ADANIENT | Year=2023 | Computed=7.33 | Source=13.64 | Difference=6.31
2026-07-23 12:17:16,854 - ROE | ADANIENT | Year=2024 | Computed=8.53 | Source=13.64 | Difference=5.11
2026-07-23 12:17:16,854 - ROE | ADANIGREEN | Year=2017 | Computed=-3.91 | Source=14.7 | Difference=18.61
2026-07-23 12:17:16,854 - ROE | ADANIGREEN | Year=2018 | Computed=-10.29 | Source=14.7 | Difference=24.99
2026-07-23 12:17:16,854 - ROE | ADANIGREEN | Year=2019 | Computed=-24.57 | Source=14.7 | Difference=39.27
2026-07-23 12:17:16,854 - ROE | ADANIGREEN | Year=2020 | Computed=-2.89 | Source=14.7 | Difference=17.59
2026-07-23 12:17:16,854 - ROE | ADANIGREEN | Year=2021 | Computed=8.27 | Source=14.7 | Difference=6.43
2026-07-23 12:17:16,854 - ROE | ADANIPORTS | Year=2013 | Computed=25.63 | Source=18.1 | Difference=7.53
2026-07-23 12:17:16,854 - ROE | ADANIPORTS | Year=2022 | Computed=11.84 | Source=18.1 | Difference=6.26
2026-07-23 12:17:16,854 - ROE | ADANIPORTS | Year=2023 | Computed=11.88 | Source=18.1 | Difference=6.22
2026-07-23 12:17:16,854 - ROE | ADANIPOWER | Year=2013 | Computed=-53.46 | Source=57.1 | Difference=110.56
2026-07-23 12:17:16,854 - ROE | ADANIPOWER | Year=2014 | Computed=-4.45 | Source=57.1 | Difference=61.55
2026-07-23 12:17:16,854 - ROE | ADANIPOWER | Year=2015 | Computed=-14.25 | Source=57.1 | Difference=71.35
2026-07-23 12:17:16,854 - ROE | ADANIPOWER | Year=2016 | Computed=7.38 | Source=57.1 | Difference=49.72
2026-07-23 12:17:16,854 - ROE | ADANIPOWER | Year=2017 | Computed=-205.80 | Source=57.1 | Difference=262.90
2026-07-23 12:17:16,854 - ROE | ADANIPOWER | Year=2018 | Computed=-236.56 | Source=57.1 | Difference=293.66
2026-07-23 12:17:16,854 - ROE | ADANIPOWER | Year=2019 | Computed=-12.76 | Source=57.1 | Difference=69.86
2026-07-23 12:17:16,854 - ROE | ADANIPOWER | Year=2020 | Computed=-35.10 | Source=57.1 | Difference=92.20
2026-07-23 12:17:16,854 - ROE | ADANIPOWER | Year=2021 | Computed=9.69 | Source=57.1 | Difference=47.41
2026-07-23 12:17:16,854 - ROE | ADANIPOWER | Year=2022 | Computed=26.61 | Source=57.1 | Difference=30.49
2026-07-23 12:17:16,854 - ROE | ADANIPOWER | Year=2023 | Computed=35.91 | Source=57.1 | Difference=21.19
2026-07-23 12:17:16,854 - ROE | ADANIPOWER | Year=2024 | Computed=48.28 | Source=57.1 | Difference=8.82
2026-07-23 12:17:16,854 - ROE | AMBUJACEM | Year=2012 | Computed=14.69 | Source=9.24 | Difference=5.45
2026-07-23 12:17:16,854 - ROE | AMBUJACEM | Year=2014 | Computed=14.77 | Source=9.24 | Difference=5.53
2026-07-23 12:17:16,854 - ROE | AMBUJACEM | Year=2021 | Computed=14.64 | Source=9.24 | Difference=5.40
2026-07-23 12:17:16,854 - ROE | APOLLOHOSP | Year=2016 | Computed=7.05 | Source=13.81 | Difference=6.76
2026-07-23 12:17:16,854 - ROE | APOLLOHOSP | Year=2017 | Computed=3.95 | Source=13.81 | Difference=9.86
2026-07-23 12:17:16,854 - ROE | APOLLOHOSP | Year=2018 | Computed=1.85 | Source=13.81 | Difference=11.96
2026-07-23 12:17:16,854 - ROE | APOLLOHOSP | Year=2019 | Computed=6.00 | Source=13.81 | Difference=7.81
2026-07-23 12:17:16,864 - ROE | APOLLOHOSP | Year=2021 | Computed=2.98 | Source=13.81 | Difference=10.83
2026-07-23 12:17:16,864 - ROE | APOLLOHOSP | Year=2022 | Computed=19.70 | Source=13.81 | Difference=5.89
2026-07-23 12:17:16,864 - ROE | ASIANPAINT | Year=2018 | Computed=24.95 | Source=31.45 | Difference=6.50
2026-07-23 12:17:16,864 - ROE | ASIANPAINT | Year=2019 | Computed=23.31 | Source=31.45 | Difference=8.14
2026-07-23 12:17:16,866 - ROE | ASIANPAINT | Year=2021 | Computed=25.04 | Source=31.45 | Difference=6.41
2026-07-23 12:17:16,866 - ROE | ASIANPAINT | Year=2022 | Computed=22.34 | Source=31.45 | Difference=9.11
2026-07-23 12:17:16,866 - ROE | ASIANPAINT | Year=2023 | Computed=26.23 | Source=31.45 | Difference=5.22
2026-07-23 12:17:16,866 - ROE | BAJAJ-AUTO | Year=2013 | Computed=38.85 | Source=26.5 | Difference=12.35
2026-07-23 12:17:16,866 - ROE | BAJAJ-AUTO | Year=2014 | Computed=33.24 | Source=26.5 | Difference=6.74
2026-07-23 12:17:16,868 - ROE | BAJAJ-AUTO | Year=2018 | Computed=20.66 | Source=26.5 | Difference=5.84
2026-07-23 12:17:16,868 - ROE | BAJAJ-AUTO | Year=2019 | Computed=21.21 | Source=26.5 | Difference=5.29
2026-07-23 12:17:16,868 - ROE | BAJAJ-AUTO | Year=2021 | Computed=17.81 | Source=26.5 | Difference=8.69
2026-07-23 12:17:16,868 - ROE | BAJAJ-AUTO | Year=2022 | Computed=20.65 | Source=26.5 | Difference=5.85
2026-07-23 12:17:16,868 - ROE | BAJAJ-AUTO | Year=2023 | Computed=20.64 | Source=26.5 | Difference=5.86
2026-07-23 12:17:16,868 - ROE | AXISBANK | Year=2017 | Computed=6.53 | Source=18.4 | Difference=11.87
2026-07-23 12:17:16,870 - ROE | AXISBANK | Year=2018 | Computed=0.43 | Source=18.4 | Difference=17.97
2026-07-23 12:17:16,870 - ROE | AXISBANK | Year=2019 | Computed=6.90 | Source=18.4 | Difference=11.50
2026-07-23 12:17:16,871 - ROE | AXISBANK | Year=2020 | Computed=1.88 | Source=18.4 | Difference=16.52
2026-07-23 12:17:16,871 - ROE | AXISBANK | Year=2021 | Computed=6.36 | Source=18.4 | Difference=12.04
2026-07-23 12:17:16,871 - ROE | AXISBANK | Year=2022 | Computed=11.01 | Source=18.4 | Difference=7.39
2026-07-23 12:17:16,871 - ROE | AXISBANK | Year=2023 | Computed=7.38 | Source=18.4 | Difference=11.02
2026-07-23 12:17:16,873 - ROE | BAJAJFINSV | Year=2013 | Computed=28.38 | Source=11.72 | Difference=16.66
2026-07-23 12:17:16,873 - ROE | BAJAJFINSV | Year=2014 | Computed=23.53 | Source=11.72 | Difference=11.81
2026-07-23 12:17:16,873 - ROE | BAJAJFINSV | Year=2015 | Computed=21.72 | Source=11.72 | Difference=10.00
2026-07-23 12:17:16,873 - ROE | BAJAJFINSV | Year=2016 | Computed=20.41 | Source=11.72 | Difference=8.69
2026-07-23 12:17:16,875 - ROE | BAJAJFINSV | Year=2017 | Computed=21.36 | Source=11.72 | Difference=9.64
2026-07-23 12:17:16,875 - ROE | BAJAJFINSV | Year=2018 | Computed=20.39 | Source=11.72 | Difference=8.67
2026-07-23 12:17:16,875 - ROE | BAJAJFINSV | Year=2019 | Computed=22.64 | Source=11.72 | Difference=10.92
2026-07-23 12:17:16,875 - ROE | BAJAJFINSV | Year=2020 | Computed=19.15 | Source=11.72 | Difference=7.43
2026-07-23 12:17:16,876 - ROE | BAJAJFINSV | Year=2021 | Computed=20.56 | Source=11.72 | Difference=8.84
2026-07-23 12:17:16,876 - ROE | BAJAJFINSV | Year=2022 | Computed=20.66 | Source=11.72 | Difference=8.94
2026-07-23 12:17:16,876 - ROE | BAJAJFINSV | Year=2023 | Computed=26.31 | Source=11.72 | Difference=14.59
2026-07-23 12:17:16,876 - ROE | BAJAJFINSV | Year=2024 | Computed=25.85 | Source=11.72 | Difference=14.13
2026-07-23 12:17:16,876 - ROE | BAJAJHLDNG | Year=2022 | Computed=9.63 | Source=14.8 | Difference=5.17
2026-07-23 12:17:16,876 - ROE | BAJFINANCE | Year=2018 | Computed=15.75 | Source=22.1 | Difference=6.35
2026-07-23 12:17:16,876 - ROE | BAJFINANCE | Year=2020 | Computed=16.28 | Source=22.1 | Difference=5.82
2026-07-23 12:17:16,876 - ROE | BAJFINANCE | Year=2021 | Computed=11.97 | Source=22.1 | Difference=10.13
2026-07-23 12:17:16,876 - ROE | BAJFINANCE | Year=2022 | Computed=16.08 | Source=22.1 | Difference=6.02
2026-07-23 12:17:16,876 - ROE | BANKBARODA | Year=2015 | Computed=9.40 | Source=16.7 | Difference=7.30
2026-07-23 12:17:16,876 - ROE | BANKBARODA | Year=2016 | Computed=-11.84 | Source=16.7 | Difference=28.54
2026-07-23 12:17:16,876 - ROE | BANKBARODA | Year=2017 | Computed=4.31 | Source=16.7 | Difference=12.39
2026-07-23 12:17:16,876 - ROE | BANKBARODA | Year=2018 | Computed=-3.94 | Source=16.7 | Difference=20.64
2026-07-23 12:17:16,879 - ROE | BANKBARODA | Year=2019 | Computed=2.12 | Source=16.7 | Difference=14.58
2026-07-23 12:17:16,879 - ROE | BANKBARODA | Year=2020 | Computed=1.29 | Source=16.7 | Difference=15.41
2026-07-23 12:17:16,879 - ROE | BANKBARODA | Year=2021 | Computed=1.97 | Source=16.7 | Difference=14.73
2026-07-23 12:17:16,880 - ROE | BANKBARODA | Year=2022 | Computed=8.64 | Source=16.7 | Difference=8.06
2026-07-23 12:17:16,880 - ROE | BHARTIARTL | Year=2013 | Computed=4.50 | Source=14.9 | Difference=10.40
2026-07-23 12:17:16,880 - ROE | BHARTIARTL | Year=2014 | Computed=5.05 | Source=14.9 | Difference=9.85
2026-07-23 12:17:16,880 - ROE | BHARTIARTL | Year=2017 | Computed=6.29 | Source=14.9 | Difference=8.61
2026-07-23 12:17:16,882 - ROE | BHARTIARTL | Year=2018 | Computed=3.14 | Source=14.9 | Difference=11.76
2026-07-23 12:17:16,883 - ROE | BHARTIARTL | Year=2019 | Computed=2.36 | Source=14.9 | Difference=12.54
2026-07-23 12:17:16,883 - ROE | BHARTIARTL | Year=2020 | Computed=-39.75 | Source=14.9 | Difference=54.65
2026-07-23 12:17:16,883 - ROE | BHARTIARTL | Year=2021 | Computed=-20.97 | Source=14.9 | Difference=35.87
2026-07-23 12:17:16,883 - ROE | BEL | Year=2013 | Computed=15183.33 | Source=26.3 | Difference=15157.03
2026-07-23 12:17:16,883 - ROE | BEL | Year=2014 | Computed=13600.00 | Source=26.3 | Difference=13573.70
2026-07-23 12:17:16,884 - ROE | BEL | Year=2015 | Computed=17100.00 | Source=26.3 | Difference=17073.70
2026-07-23 12:17:16,884 - ROE | BEL | Year=2016 | Computed=11141.67 | Source=26.3 | Difference=11115.37
2026-07-23 12:17:16,884 - ROE | BEL | Year=2017 | Computed=10153.33 | Source=26.3 | Difference=10127.03
2026-07-23 12:17:16,884 - ROE | BEL | Year=2018 | Computed=4616.13 | Source=26.3 | Difference=4589.83
2026-07-23 12:17:16,884 - ROE | BEL | Year=2019 | Computed=3851.02 | Source=26.3 | Difference=3824.72
2026-07-23 12:17:16,884 - ROE | BEL | Year=2020 | Computed=3318.18 | Source=26.3 | Difference=3291.88
2026-07-23 12:17:16,884 - ROE | BEL | Year=2021 | Computed=3559.32 | Source=26.3 | Difference=3533.02
2026-07-23 12:17:16,884 - ROE | BEL | Year=2022 | Computed=3478.26 | Source=26.3 | Difference=3451.96
2026-07-23 12:17:16,884 - ROE | BEL | Year=2023 | Computed=3981.33 | Source=26.3 | Difference=3955.03
2026-07-23 12:17:16,884 - ROE | BEL | Year=2024 | Computed=4744.05 | Source=26.3 | Difference=4717.75
2026-07-23 12:17:16,884 - ROE | BHEL | Year=2013 | Computed=21.91 | Source=1.05 | Difference=20.86
2026-07-23 12:17:16,884 - ROE | BHEL | Year=2014 | Computed=10.56 | Source=1.05 | Difference=9.51
2026-07-23 12:17:16,884 - ROE | BHEL | Year=2020 | Computed=-5.12 | Source=1.05 | Difference=6.17
2026-07-23 12:17:16,884 - ROE | BHEL | Year=2021 | Computed=-10.39 | Source=1.05 | Difference=11.44
2026-07-23 12:17:16,884 - ROE | BOSCHLTD | Year=2020 | Computed=7.01 | Source=16.0 | Difference=8.99
2026-07-23 12:17:16,884 - ROE | BOSCHLTD | Year=2021 | Computed=4.91 | Source=16.0 | Difference=11.09
2026-07-23 12:17:16,884 - ROE | BPCL | Year=2013 | Computed=11.54 | Source=41.9 | Difference=30.36
2026-07-23 12:17:16,884 - ROE | BPCL | Year=2014 | Computed=20.85 | Source=41.9 | Difference=21.05
2026-07-23 12:17:16,884 - ROE | BPCL | Year=2015 | Computed=22.52 | Source=41.9 | Difference=19.38
2026-07-23 12:17:16,884 - ROE | BPCL | Year=2016 | Computed=29.10 | Source=41.9 | Difference=12.80
2026-07-23 12:17:16,884 - ROE | BPCL | Year=2017 | Computed=30.85 | Source=41.9 | Difference=11.05
2026-07-23 12:17:16,884 - ROE | BPCL | Year=2018 | Computed=26.74 | Source=41.9 | Difference=15.16
2026-07-23 12:17:16,884 - ROE | BPCL | Year=2019 | Computed=22.00 | Source=41.9 | Difference=19.90
2026-07-23 12:17:16,884 - ROE | BPCL | Year=2020 | Computed=10.04 | Source=41.9 | Difference=31.86
2026-07-23 12:17:16,884 - ROE | BPCL | Year=2021 | Computed=32.34 | Source=41.9 | Difference=9.56
2026-07-23 12:17:16,884 - ROE | BPCL | Year=2022 | Computed=22.51 | Source=41.9 | Difference=19.39
2026-07-23 12:17:16,884 - ROE | BPCL | Year=2023 | Computed=3.98 | Source=41.9 | Difference=37.92
2026-07-23 12:17:16,884 - ROE | BPCL | Year=2024 | Computed=35.51 | Source=41.9 | Difference=6.39
2026-07-23 12:17:16,884 - ROE | BRITANNIA | Year=2013 | Computed=46.59 | Source=57.1 | Difference=10.51
2026-07-23 12:17:16,884 - ROE | BRITANNIA | Year=2014 | Computed=49.50 | Source=57.1 | Difference=7.60
2026-07-23 12:17:16,884 - ROE | BRITANNIA | Year=2016 | Computed=39.44 | Source=57.1 | Difference=17.66
2026-07-23 12:17:16,884 - ROE | BRITANNIA | Year=2017 | Computed=32.83 | Source=57.1 | Difference=24.27
2026-07-23 12:17:16,884 - ROE | BRITANNIA | Year=2018 | Computed=29.48 | Source=57.1 | Difference=27.62
2026-07-23 12:17:16,884 - ROE | BRITANNIA | Year=2019 | Computed=27.16 | Source=57.1 | Difference=29.94
2026-07-23 12:17:16,884 - ROE | BRITANNIA | Year=2020 | Computed=31.66 | Source=57.1 | Difference=25.44
2026-07-23 12:17:16,884 - ROE | BRITANNIA | Year=2023 | Computed=65.53 | Source=57.1 | Difference=8.43
2026-07-23 12:17:16,884 - ROE | CANBK | Year=2013 | Computed=11.90 | Source=17.9 | Difference=6.00
2026-07-23 12:17:16,884 - ROE | CANBK | Year=2014 | Computed=8.85 | Source=17.9 | Difference=9.05
2026-07-23 12:17:16,884 - ROE | CANBK | Year=2015 | Computed=9.02 | Source=17.9 | Difference=8.88
2026-07-23 12:17:16,884 - ROE | CANBK | Year=2016 | Computed=-7.82 | Source=17.9 | Difference=25.72
2026-07-23 12:17:16,884 - ROE | CANBK | Year=2017 | Computed=4.07 | Source=17.9 | Difference=13.83
2026-07-23 12:17:16,884 - ROE | CANBK | Year=2018 | Computed=-10.50 | Source=17.9 | Difference=28.40
2026-07-23 12:17:16,884 - ROE | CANBK | Year=2019 | Computed=1.85 | Source=17.9 | Difference=16.05
2026-07-23 12:17:16,884 - ROE | CANBK | Year=2020 | Computed=-4.66 | Source=17.9 | Difference=22.56
2026-07-23 12:17:16,884 - ROE | CANBK | Year=2021 | Computed=4.74 | Source=17.9 | Difference=13.16
2026-07-23 12:17:16,884 - ROE | CANBK | Year=2022 | Computed=8.80 | Source=17.9 | Difference=9.10
2026-07-23 12:17:16,884 - ROE | CHOLAFIN | Year=2020 | Computed=12.85 | Source=20.2 | Difference=7.35
2026-07-23 12:17:16,884 - ROE | CIPLA | Year=2015 | Computed=11.38 | Source=16.8 | Difference=5.42
2026-07-23 12:17:16,895 - ROE | CIPLA | Year=2017 | Computed=8.25 | Source=16.8 | Difference=8.55
2026-07-23 12:17:16,895 - ROE | CIPLA | Year=2018 | Computed=9.96 | Source=16.8 | Difference=6.84
2026-07-23 12:17:16,896 - ROE | CIPLA | Year=2019 | Computed=9.94 | Source=16.8 | Difference=6.86
2026-07-23 12:17:16,896 - ROE | CIPLA | Year=2020 | Computed=9.52 | Source=16.8 | Difference=7.28
2026-07-23 12:17:16,896 - ROE | COALINDIA | Year=2013 | Computed=35.81 | Source=52.0 | Difference=16.19
2026-07-23 12:17:16,897 - ROE | COALINDIA | Year=2014 | Computed=35.64 | Source=52.0 | Difference=16.36
2026-07-23 12:17:16,897 - ROE | COALINDIA | Year=2015 | Computed=34.02 | Source=52.0 | Difference=17.98
2026-07-23 12:17:16,897 - ROE | COALINDIA | Year=2016 | Computed=40.96 | Source=52.0 | Difference=11.04
2026-07-23 12:17:16,897 - ROE | COALINDIA | Year=2017 | Computed=37.85 | Source=52.0 | Difference=14.15
2026-07-23 12:17:16,897 - ROE | COALINDIA | Year=2018 | Computed=34.88 | Source=52.0 | Difference=17.12
2026-07-23 12:17:16,897 - ROE | COALINDIA | Year=2019 | Computed=66.01 | Source=52.0 | Difference=14.01
2026-07-23 12:17:16,897 - ROE | COALINDIA | Year=2021 | Computed=34.78 | Source=52.0 | Difference=17.22
2026-07-23 12:17:16,897 - ROE | COALINDIA | Year=2022 | Computed=40.28 | Source=52.0 | Difference=11.72
2026-07-23 12:17:16,897 - ROE | COALINDIA | Year=2024 | Computed=45.17 | Source=52.0 | Difference=6.83
2026-07-23 12:17:16,897 - ROE | DABUR | Year=2013 | Computed=36.56 | Source=19.2 | Difference=17.36
2026-07-23 12:17:16,897 - ROE | DABUR | Year=2014 | Computed=34.49 | Source=19.2 | Difference=15.29
2026-07-23 12:17:16,897 - ROE | DABUR | Year=2015 | Computed=31.84 | Source=19.2 | Difference=12.64
2026-07-23 12:17:16,897 - ROE | DABUR | Year=2016 | Computed=30.06 | Source=19.2 | Difference=10.86
2026-07-23 12:17:16,897 - ROE | DABUR | Year=2017 | Computed=26.41 | Source=19.2 | Difference=7.21
2026-07-23 12:17:16,897 - ROE | DABUR | Year=2019 | Computed=25.67 | Source=19.2 | Difference=6.47
2026-07-23 12:17:16,897 - ROE | DIVISLAB | Year=2013 | Computed=24.07 | Source=12.2 | Difference=11.87
2026-07-23 12:17:16,897 - ROE | DIVISLAB | Year=2014 | Computed=26.08 | Source=12.2 | Difference=13.88
2026-07-23 12:17:16,897 - ROE | DIVISLAB | Year=2015 | Computed=24.37 | Source=12.2 | Difference=12.17
2026-07-23 12:17:16,897 - ROE | DIVISLAB | Year=2016 | Computed=26.23 | Source=12.2 | Difference=14.03
2026-07-23 12:17:16,897 - ROE | DIVISLAB | Year=2017 | Computed=19.79 | Source=12.2 | Difference=7.59
2026-07-23 12:17:16,897 - ROE | DIVISLAB | Year=2019 | Computed=19.45 | Source=12.2 | Difference=7.25
2026-07-23 12:17:16,897 - ROE | DIVISLAB | Year=2020 | Computed=18.84 | Source=12.2 | Difference=6.64
2026-07-23 12:17:16,897 - ROE | DIVISLAB | Year=2021 | Computed=21.34 | Source=12.2 | Difference=9.14
2026-07-23 12:17:16,897 - ROE | DIVISLAB | Year=2022 | Computed=25.24 | Source=12.2 | Difference=13.04
2026-07-23 12:17:16,897 - ROE | DLF | Year=2015 | Computed=1.85 | Source=6.95 | Difference=5.10
2026-07-23 12:17:16,897 - ROE | DLF | Year=2016 | Computed=1.27 | Source=6.95 | Difference=5.68
2026-07-23 12:17:16,897 - ROE | DLF | Year=2018 | Computed=12.68 | Source=6.95 | Difference=5.73
2026-07-23 12:17:16,903 - ROE | DLF | Year=2020 | Computed=-1.71 | Source=6.95 | Difference=8.66
2026-07-23 12:17:16,903 - ROE | DMART | Year=2016 | Computed=21.04 | Source=14.5 | Difference=6.54
2026-07-23 12:17:16,903 - ROE | DMART | Year=2021 | Computed=9.02 | Source=14.5 | Difference=5.48
2026-07-23 12:17:16,903 - ROE | DRREDDY | Year=2017 | Computed=10.54 | Source=21.4 | Difference=10.86
2026-07-23 12:17:16,903 - ROE | DRREDDY | Year=2018 | Computed=7.53 | Source=21.4 | Difference=13.87
2026-07-23 12:17:16,903 - ROE | DRREDDY | Year=2019 | Computed=13.90 | Source=21.4 | Difference=7.50
2026-07-23 12:17:16,903 - ROE | DRREDDY | Year=2020 | Computed=12.99 | Source=21.4 | Difference=8.41
2026-07-23 12:17:16,903 - ROE | DRREDDY | Year=2021 | Computed=11.07 | Source=21.4 | Difference=10.33
2026-07-23 12:17:16,903 - ROE | DRREDDY | Year=2022 | Computed=11.36 | Source=21.4 | Difference=10.04
2026-07-23 12:17:16,903 - ROE | EICHERMOT | Year=2016 | Computed=36.63 | Source=24.2 | Difference=12.43
2026-07-23 12:17:16,903 - ROE | EICHERMOT | Year=2017 | Computed=31.19 | Source=24.2 | Difference=6.99
2026-07-23 12:17:16,903 - ROE | EICHERMOT | Year=2020 | Computed=18.30 | Source=24.2 | Difference=5.90
2026-07-23 12:17:16,903 - ROE | EICHERMOT | Year=2021 | Computed=11.78 | Source=24.2 | Difference=12.42
2026-07-23 12:17:16,903 - ROE | EICHERMOT | Year=2022 | Computed=13.30 | Source=24.2 | Difference=10.90
2026-07-23 12:17:16,903 - ROE | GAIL | Year=2016 | Computed=5.15 | Source=14.0 | Difference=8.85
2026-07-23 12:17:16,903 - ROE | GAIL | Year=2017 | Computed=8.58 | Source=14.0 | Difference=5.42
2026-07-23 12:17:16,903 - ROE | GAIL | Year=2020 | Computed=19.31 | Source=14.0 | Difference=5.31
2026-07-23 12:17:16,903 - ROE | GAIL | Year=2022 | Computed=19.19 | Source=14.0 | Difference=5.19
2026-07-23 12:17:16,903 - ROE | GAIL | Year=2023 | Computed=8.62 | Source=14.0 | Difference=5.38
2026-07-23 12:17:16,903 - ROE | GODREJCP | Year=2013 | Computed=25.51 | Source=6.77 | Difference=18.74
2026-07-23 12:17:16,903 - ROE | GODREJCP | Year=2014 | Computed=21.70 | Source=6.77 | Difference=14.93
2026-07-23 12:17:16,903 - ROE | GODREJCP | Year=2015 | Computed=22.64 | Source=6.77 | Difference=15.87
2026-07-23 12:17:16,903 - ROE | GODREJCP | Year=2016 | Computed=19.48 | Source=6.77 | Difference=12.71
2026-07-23 12:17:16,903 - ROE | GODREJCP | Year=2017 | Computed=24.67 | Source=6.77 | Difference=17.90
2026-07-23 12:17:16,903 - ROE | GODREJCP | Year=2018 | Computed=26.11 | Source=6.77 | Difference=19.34
2026-07-23 12:17:16,903 - ROE | GODREJCP | Year=2019 | Computed=32.23 | Source=6.77 | Difference=25.46
2026-07-23 12:17:16,903 - ROE | GODREJCP | Year=2020 | Computed=18.95 | Source=6.77 | Difference=12.18
2026-07-23 12:17:16,903 - ROE | GODREJCP | Year=2021 | Computed=18.23 | Source=6.77 | Difference=11.46
2026-07-23 12:17:16,903 - ROE | GODREJCP | Year=2022 | Computed=15.43 | Source=6.77 | Difference=8.66
2026-07-23 12:17:16,903 - ROE | GODREJCP | Year=2023 | Computed=12.34 | Source=6.77 | Difference=5.57
2026-07-23 12:17:16,903 - ROE | GODREJCP | Year=2024 | Computed=-4.45 | Source=6.77 | Difference=11.22
2026-07-23 12:17:16,903 - ROE | GRASIM | Year=2013 | Computed=19.22 | Source=6.9 | Difference=12.32
2026-07-23 12:17:16,903 - ROE | GRASIM | Year=2014 | Computed=13.67 | Source=6.9 | Difference=6.77
2026-07-23 12:17:16,903 - ROE | GRASIM | Year=2016 | Computed=12.60 | Source=6.9 | Difference=5.70
2026-07-23 12:17:16,903 - ROE | GRASIM | Year=2017 | Computed=13.53 | Source=6.9 | Difference=6.63
2026-07-23 12:17:16,911 - ROE | GRASIM | Year=2022 | Computed=14.80 | Source=6.9 | Difference=7.90
2026-07-23 12:17:16,911 - ROE | GRASIM | Year=2023 | Computed=14.07 | Source=6.9 | Difference=7.17
2026-07-23 12:17:16,911 - ROE | HAL | Year=2017 | Computed=1966.92 | Source=28.9 | Difference=1938.02
2026-07-23 12:17:16,911 - ROE | HAL | Year=2018 | Computed=1528.46 | Source=28.9 | Difference=1499.56
2026-07-23 12:17:16,911 - ROE | HAL | Year=2019 | Computed=1763.91 | Source=28.9 | Difference=1735.01
2026-07-23 12:17:16,912 - ROE | HAL | Year=2020 | Computed=2059.42 | Source=28.9 | Difference=2030.52
2026-07-23 12:17:16,912 - ROE | HAL | Year=2021 | Computed=2249.31 | Source=28.9 | Difference=2220.41
2026-07-23 12:17:16,912 - ROE | HAL | Year=2022 | Computed=3324.18 | Source=28.9 | Difference=3295.28
2026-07-23 12:17:16,914 - ROE | HAL | Year=2023 | Computed=3283.05 | Source=28.9 | Difference=3254.15
2026-07-23 12:17:16,914 - ROE | HAL | Year=2024 | Computed=3816.58 | Source=28.9 | Difference=3787.68
2026-07-23 12:17:16,914 - ROE | HAVELLS | Year=2013 | Computed=40.29 | Source=18.0 | Difference=22.29
2026-07-23 12:17:16,914 - ROE | HAVELLS | Year=2014 | Computed=26.77 | Source=18.0 | Difference=8.77
2026-07-23 12:17:16,914 - ROE | HAVELLS | Year=2016 | Computed=42.95 | Source=18.0 | Difference=24.95
2026-07-23 12:17:16,914 - ROE | HCLTECH | Year=2013 | Computed=30.69 | Source=23.3 | Difference=7.39
2026-07-23 12:17:16,914 - ROE | HCLTECH | Year=2014 | Computed=33.39 | Source=23.3 | Difference=10.09
2026-07-23 12:17:16,914 - ROE | HCLTECH | Year=2015 | Computed=30.31 | Source=23.3 | Difference=7.01
2026-07-23 12:17:16,914 - ROE | HDFCLIFE | Year=2013 | Computed=33.43 | Source=11.4 | Difference=22.03
2026-07-23 12:17:16,914 - ROE | HDFCLIFE | Year=2014 | Computed=37.60 | Source=11.4 | Difference=26.20
2026-07-23 12:17:16,914 - ROE | HDFCLIFE | Year=2015 | Computed=30.93 | Source=11.4 | Difference=19.53
2026-07-23 12:17:16,914 - ROE | HDFCLIFE | Year=2016 | Computed=26.33 | Source=11.4 | Difference=14.93
2026-07-23 12:17:16,914 - ROE | HDFCLIFE | Year=2017 | Computed=23.18 | Source=11.4 | Difference=11.78
2026-07-23 12:17:16,914 - ROE | HDFCLIFE | Year=2018 | Computed=23.53 | Source=11.4 | Difference=12.13
2026-07-23 12:17:16,914 - ROE | HDFCLIFE | Year=2019 | Computed=22.65 | Source=11.4 | Difference=11.25
2026-07-23 12:17:16,914 - ROE | HDFCLIFE | Year=2020 | Computed=19.05 | Source=11.4 | Difference=7.65
2026-07-23 12:17:16,914 - ROE | HEROMOTOCO | Year=2014 | Computed=37.38 | Source=22.0 | Difference=15.38
2026-07-23 12:17:16,914 - ROE | HEROMOTOCO | Year=2015 | Computed=36.15 | Source=22.0 | Difference=14.15
2026-07-23 12:17:16,914 - ROE | HEROMOTOCO | Year=2016 | Computed=35.23 | Source=22.0 | Difference=13.23
2026-07-23 12:17:16,914 - ROE | HEROMOTOCO | Year=2017 | Computed=34.37 | Source=22.0 | Difference=12.37
2026-07-23 12:17:16,914 - ROE | HEROMOTOCO | Year=2018 | Computed=31.09 | Source=22.0 | Difference=9.09
2026-07-23 12:17:16,914 - ROE | HEROMOTOCO | Year=2022 | Computed=14.70 | Source=22.0 | Difference=7.30
2026-07-23 12:17:16,914 - ROE | HEROMOTOCO | Year=2023 | Computed=16.81 | Source=22.0 | Difference=5.19
2026-07-23 12:17:16,914 - ROE | HINDALCO | Year=2015 | Computed=0.68 | Source=10.2 | Difference=9.52
2026-07-23 12:17:16,914 - ROE | HINDALCO | Year=2016 | Computed=-1.73 | Source=10.2 | Difference=11.93
2026-07-23 12:17:16,914 - ROE | HINDALCO | Year=2017 | Computed=4.09 | Source=10.2 | Difference=6.11
2026-07-23 12:17:16,914 - ROE | HINDALCO | Year=2022 | Computed=17.56 | Source=10.2 | Difference=7.36
2026-07-23 12:17:16,914 - ROE | HINDUNILVR | Year=2013 | Computed=134.00 | Source=20.2 | Difference=113.80
2026-07-23 12:17:16,920 - ROE | HINDUNILVR | Year=2014 | Computed=111.85 | Source=20.2 | Difference=91.65
2026-07-23 12:17:16,920 - ROE | HINDUNILVR | Year=2015 | Computed=108.67 | Source=20.2 | Difference=88.47
2026-07-23 12:17:16,920 - ROE | HINDUNILVR | Year=2016 | Computed=63.15 | Source=20.2 | Difference=42.95
2026-07-23 12:17:16,920 - ROE | HINDUNILVR | Year=2017 | Computed=66.58 | Source=20.2 | Difference=46.38
2026-07-23 12:17:16,920 - ROE | HINDUNILVR | Year=2018 | Computed=71.79 | Source=20.2 | Difference=51.59
2026-07-23 12:17:16,920 - ROE | HINDUNILVR | Year=2019 | Computed=77.03 | Source=20.2 | Difference=56.83
2026-07-23 12:17:16,920 - ROE | HINDUNILVR | Year=2020 | Computed=82.10 | Source=20.2 | Difference=61.90
2026-07-23 12:17:16,920 - ROE | ICICIBANK | Year=2016 | Computed=11.61 | Source=18.8 | Difference=7.19
2026-07-23 12:17:16,920 - ROE | ICICIBANK | Year=2017 | Computed=10.84 | Source=18.8 | Difference=7.96
2026-07-23 12:17:16,922 - ROE | ICICIBANK | Year=2018 | Computed=8.23 | Source=18.8 | Difference=10.57
2026-07-23 12:17:16,922 - ROE | ICICIBANK | Year=2019 | Computed=4.98 | Source=18.8 | Difference=13.82
2026-07-23 12:17:16,922 - ROE | ICICIBANK | Year=2020 | Computed=9.13 | Source=18.8 | Difference=9.67
2026-07-23 12:17:16,923 - ROE | ICICIBANK | Year=2021 | Computed=12.92 | Source=18.8 | Difference=5.88
2026-07-23 12:17:16,923 - ROE | ICICIPRULI | Year=2013 | Computed=38.25 | Source=8.07 | Difference=30.18
2026-07-23 12:17:16,923 - ROE | ICICIPRULI | Year=2014 | Computed=35.61 | Source=8.07 | Difference=27.54
2026-07-23 12:17:16,923 - ROE | ICICIPRULI | Year=2015 | Computed=31.15 | Source=8.07 | Difference=23.08
2026-07-23 12:17:16,925 - ROE | ICICIPRULI | Year=2016 | Computed=31.00 | Source=8.07 | Difference=22.93
2026-07-23 12:17:16,925 - ROE | ICICIPRULI | Year=2017 | Computed=26.26 | Source=8.07 | Difference=18.19
2026-07-23 12:17:16,925 - ROE | ICICIPRULI | Year=2018 | Computed=24.63 | Source=8.07 | Difference=16.56
2026-07-23 12:17:16,925 - ROE | ICICIPRULI | Year=2019 | Computed=16.58 | Source=8.07 | Difference=8.51
2026-07-23 12:17:16,925 - ROE | ICICIPRULI | Year=2020 | Computed=14.79 | Source=8.07 | Difference=6.72
2026-07-23 12:17:16,925 - ROE | INDUSINDBK | Year=2021 | Computed=6.54 | Source=15.2 | Difference=8.66
2026-07-23 12:17:16,925 - ROE | INDUSINDBK | Year=2022 | Computed=9.67 | Source=15.2 | Difference=5.53
2026-07-23 12:17:16,925 - ROE | INFY | Year=2013 | Computed=24.82 | Source=31.8 | Difference=6.98
2026-07-23 12:17:16,925 - ROE | INFY | Year=2014 | Computed=23.93 | Source=31.8 | Difference=7.87
2026-07-23 12:17:16,925 - ROE | INFY | Year=2015 | Computed=24.39 | Source=31.8 | Difference=7.41
2026-07-23 12:17:16,925 - ROE | INFY | Year=2016 | Computed=21.85 | Source=31.8 | Difference=9.95
2026-07-23 12:17:16,928 - ROE | INFY | Year=2017 | Computed=20.81 | Source=31.8 | Difference=10.99
2026-07-23 12:17:16,928 - ROE | INFY | Year=2018 | Computed=24.69 | Source=31.8 | Difference=7.11
2026-07-23 12:17:16,928 - ROE | INFY | Year=2019 | Computed=23.73 | Source=31.8 | Difference=8.07
2026-07-23 12:17:16,928 - ROE | INFY | Year=2020 | Computed=25.42 | Source=31.8 | Difference=6.38
2026-07-23 12:17:16,928 - ROE | INFY | Year=2021 | Computed=25.44 | Source=31.8 | Difference=6.36
2026-07-23 12:17:16,928 - ROE | IOC | Year=2013 | Computed=5.75 | Source=25.44 | Difference=19.69
2026-07-23 12:17:16,928 - ROE | IOC | Year=2014 | Computed=10.26 | Source=25.44 | Difference=15.18
2026-07-23 12:17:16,928 - ROE | IOC | Year=2015 | Computed=7.08 | Source=25.44 | Difference=18.36
2026-07-23 12:17:16,928 - ROE | IOC | Year=2016 | Computed=13.80 | Source=25.44 | Difference=11.64
2026-07-23 12:17:16,928 - ROE | IOC | Year=2017 | Computed=19.97 | Source=25.44 | Difference=5.47
2026-07-23 12:17:16,928 - ROE | IOC | Year=2018 | Computed=19.87 | Source=25.44 | Difference=5.57
2026-07-23 12:17:16,928 - ROE | IOC | Year=2019 | Computed=15.36 | Source=25.44 | Difference=10.08
2026-07-23 12:17:16,931 - ROE | IOC | Year=2020 | Computed=-1.97 | Source=25.44 | Difference=27.41
2026-07-23 12:17:16,931 - ROE | IOC | Year=2021 | Computed=19.46 | Source=25.44 | Difference=5.98
2026-07-23 12:17:16,931 - ROE | IOC | Year=2022 | Computed=19.27 | Source=25.44 | Difference=6.17
2026-07-23 12:17:16,931 - ROE | IOC | Year=2023 | Computed=8.38 | Source=25.44 | Difference=17.06
2026-07-23 12:17:16,931 - ROE | IRCTC | Year=2015 | Computed=29.50 | Source=40.4 | Difference=10.90
2026-07-23 12:17:16,931 - ROE | IRCTC | Year=2016 | Computed=34.87 | Source=40.4 | Difference=5.53
2026-07-23 12:17:16,931 - ROE | IRCTC | Year=2017 | Computed=29.10 | Source=40.4 | Difference=11.30
2026-07-23 12:17:16,931 - ROE | IRCTC | Year=2018 | Computed=23.14 | Source=40.4 | Difference=17.26
2026-07-23 12:17:16,931 - ROE | IRCTC | Year=2019 | Computed=28.85 | Source=40.4 | Difference=11.55
2026-07-23 12:17:16,931 - ROE | IRCTC | Year=2021 | Computed=12.84 | Source=40.4 | Difference=27.56
2026-07-23 12:17:16,931 - ROE | IRCTC | Year=2022 | Computed=35.29 | Source=40.4 | Difference=5.11
2026-07-23 12:17:16,931 - ROE | IRCTC | Year=2024 | Computed=34.40 | Source=40.4 | Difference=6.00
2026-07-23 12:17:16,931 - ROE | IRFC | Year=2016 | Computed=7.37 | Source=13.7 | Difference=6.33
2026-07-23 12:17:16,931 - ROE | IRFC | Year=2017 | Computed=7.78 | Source=13.7 | Difference=5.92
2026-07-23 12:17:16,931 - ROE | ITC | Year=2016 | Computed=22.26 | Source=29.47 | Difference=7.21
2026-07-23 12:17:16,931 - ROE | ITC | Year=2017 | Computed=22.57 | Source=29.47 | Difference=6.90
2026-07-23 12:17:16,931 - ROE | ITC | Year=2018 | Computed=21.89 | Source=29.47 | Difference=7.58
2026-07-23 12:17:16,931 - ROE | ITC | Year=2019 | Computed=21.70 | Source=29.47 | Difference=7.77
2026-07-23 12:17:16,931 - ROE | ITC | Year=2020 | Computed=23.89 | Source=29.47 | Difference=5.58
2026-07-23 12:17:16,931 - ROE | ITC | Year=2021 | Computed=22.18 | Source=29.47 | Difference=7.29
2026-07-23 12:17:16,931 - ROE | JINDALSTEL | Year=2014 | Computed=8.39 | Source=14.1 | Difference=5.71
2026-07-23 12:17:16,931 - ROE | JINDALSTEL | Year=2015 | Computed=-6.90 | Source=14.1 | Difference=21.00
2026-07-23 12:17:16,931 - ROE | JINDALSTEL | Year=2016 | Computed=-9.52 | Source=14.1 | Difference=23.62
2026-07-23 12:17:16,931 - ROE | JINDALSTEL | Year=2017 | Computed=-8.45 | Source=14.1 | Difference=22.55
2026-07-23 12:17:16,931 - ROE | JINDALSTEL | Year=2018 | Computed=-5.32 | Source=14.1 | Difference=19.42
2026-07-23 12:17:16,931 - ROE | JINDALSTEL | Year=2019 | Computed=-7.52 | Source=14.1 | Difference=21.62
2026-07-23 12:17:16,931 - ROE | JINDALSTEL | Year=2020 | Computed=-1.24 | Source=14.1 | Difference=15.34
2026-07-23 12:17:16,931 - ROE | JSWENERGY | Year=2013 | Computed=14.52 | Source=8.4 | Difference=6.12
2026-07-23 12:17:16,931 - ROE | JSWENERGY | Year=2015 | Computed=18.06 | Source=8.4 | Difference=9.66
2026-07-23 12:17:16,931 - ROE | JSWENERGY | Year=2016 | Computed=15.05 | Source=8.4 | Difference=6.65
2026-07-23 12:17:16,931 - ROE | JSWENERGY | Year=2018 | Computed=0.77 | Source=8.4 | Difference=7.63
2026-07-23 12:17:16,931 - ROE | JSWSTEEL | Year=2013 | Computed=5.44 | Source=11.66 | Difference=6.22
2026-07-23 12:17:16,931 - ROE | JSWSTEEL | Year=2014 | Computed=1.90 | Source=11.66 | Difference=9.76
2026-07-23 12:17:16,931 - ROE | JSWSTEEL | Year=2016 | Computed=-2.54 | Source=11.66 | Difference=14.20
2026-07-23 12:17:16,931 - ROE | JSWSTEEL | Year=2018 | Computed=21.83 | Source=11.66 | Difference=10.17
2026-07-23 12:17:16,931 - ROE | JSWSTEEL | Year=2019 | Computed=21.62 | Source=11.66 | Difference=9.96
2026-07-23 12:17:16,931 - ROE | JSWSTEEL | Year=2021 | Computed=16.84 | Source=11.66 | Difference=5.18
2026-07-23 12:17:16,931 - ROE | JSWSTEEL | Year=2022 | Computed=31.11 | Source=11.66 | Difference=19.45
2026-07-23 12:17:16,931 - ROE | JSWSTEEL | Year=2023 | Computed=6.30 | Source=11.66 | Difference=5.36
2026-07-23 12:17:16,931 - ROE | LICI | Year=2019 | Computed=324.32 | Source=63.61 | Difference=260.71
2026-07-23 12:17:16,931 - ROE | LICI | Year=2020 | Computed=270.46 | Source=63.61 | Difference=206.85
2026-07-23 12:17:16,931 - ROE | LICI | Year=2021 | Computed=43.20 | Source=63.61 | Difference=20.41
2026-07-23 12:17:16,931 - ROE | LICI | Year=2022 | Computed=36.38 | Source=63.61 | Difference=27.23
2026-07-23 12:17:16,931 - ROE | LICI | Year=2023 | Computed=77.86 | Source=63.61 | Difference=14.25
2026-07-23 12:17:16,931 - ROE | LICI | Year=2024 | Computed=49.45 | Source=63.61 | Difference=14.16
2026-07-23 12:17:16,931 - ROE | LODHA | Year=2016 | Computed=17.69 | Source=10.7 | Difference=6.99
2026-07-23 12:17:16,931 - ROE | LODHA | Year=2019 | Computed=42.80 | Source=10.7 | Difference=32.10
2026-07-23 12:17:16,931 - ROE | LODHA | Year=2020 | Computed=16.30 | Source=10.7 | Difference=5.60
2026-07-23 12:17:16,931 - ROE | LODHA | Year=2021 | Computed=1.04 | Source=10.7 | Difference=9.66
2026-07-23 12:17:16,931 - ROE | LODHA | Year=2023 | Computed=3.87 | Source=10.7 | Difference=6.83
2026-07-23 12:17:16,931 - ROE | LT | Year=2013 | Computed=395.15 | Source=10.49 | Difference=384.66
2026-07-23 12:17:16,944 - ROE | LT | Year=2014 | Computed=303.42 | Source=10.49 | Difference=292.93
2026-07-23 12:17:16,944 - ROE | LT | Year=2015 | Computed=245.11 | Source=10.49 | Difference=234.62
2026-07-23 12:17:16,944 - ROE | LT | Year=2016 | Computed=216.09 | Source=10.49 | Difference=205.60
2026-07-23 12:17:16,944 - ROE | LT | Year=2017 | Computed=206.30 | Source=10.49 | Difference=195.81
2026-07-23 12:17:16,944 - ROE | LT | Year=2018 | Computed=207.36 | Source=10.49 | Difference=196.87
2026-07-23 12:17:16,944 - ROE | LT | Year=2019 | Computed=208.81 | Source=10.49 | Difference=198.32
2026-07-23 12:17:16,944 - ROE | LT | Year=2020 | Computed=201.59 | Source=10.49 | Difference=191.10
2026-07-23 12:17:16,944 - ROE | LT | Year=2021 | Computed=176.90 | Source=10.49 | Difference=166.41
2026-07-23 12:17:16,944 - ROE | LT | Year=2022 | Computed=72.92 | Source=10.49 | Difference=62.43
2026-07-23 12:17:16,944 - ROE | LT | Year=2023 | Computed=75.52 | Source=10.49 | Difference=65.03
2026-07-23 12:17:16,944 - ROE | LT | Year=2024 | Computed=77.67 | Source=10.49 | Difference=67.18
2026-07-23 12:17:16,944 - ROE | LTIM | Year=2013 | Computed=41.97 | Source=26.04 | Difference=15.93
2026-07-23 12:17:16,944 - ROE | LTIM | Year=2014 | Computed=61.86 | Source=26.04 | Difference=35.82
2026-07-23 12:17:16,944 - ROE | LTIM | Year=2015 | Computed=37.96 | Source=26.04 | Difference=11.92
2026-07-23 12:17:16,944 - ROE | LTIM | Year=2016 | Computed=39.34 | Source=26.04 | Difference=13.30
2026-07-23 12:17:16,944 - ROE | M&M | Year=2020 | Computed=-0.80 | Source=17.99 | Difference=18.79
2026-07-23 12:17:16,949 - ROE | M&M | Year=2021 | Computed=3.64 | Source=17.99 | Difference=14.35
2026-07-23 12:17:16,949 - ROE | MARUTI | Year=2021 | Computed=8.36 | Source=15.75 | Difference=7.39
2026-07-23 12:17:16,949 - ROE | MARUTI | Year=2022 | Computed=7.01 | Source=15.75 | Difference=8.74
2026-07-23 12:17:16,949 - ROE | MOTHERSON | Year=2013 | Computed=19.75 | Source=11.8 | Difference=7.95
2026-07-23 12:17:16,949 - ROE | MOTHERSON | Year=2014 | Computed=37.07 | Source=11.8 | Difference=25.27
2026-07-23 12:17:16,949 - ROE | MOTHERSON | Year=2015 | Computed=38.87 | Source=11.8 | Difference=27.07
2026-07-23 12:17:16,949 - ROE | MOTHERSON | Year=2016 | Computed=40.35 | Source=11.8 | Difference=28.55
2026-07-23 12:17:16,949 - ROE | MOTHERSON | Year=2017 | Computed=26.26 | Source=11.8 | Difference=14.46
2026-07-23 12:17:16,949 - ROE | MOTHERSON | Year=2018 | Computed=22.87 | Source=11.8 | Difference=11.07
2026-07-23 12:17:16,949 - ROE | MOTHERSON | Year=2019 | Computed=19.14 | Source=11.8 | Difference=7.34
2026-07-23 12:17:16,949 - ROE | MOTHERSON | Year=2022 | Computed=5.74 | Source=11.8 | Difference=6.06
2026-07-23 12:17:16,949 - ROE | NAUKRI | Year=2013 | Computed=12.50 | Source=2.44 | Difference=10.06
2026-07-23 12:17:16,949 - ROE | NAUKRI | Year=2014 | Computed=8.93 | Source=2.44 | Difference=6.49
2026-07-23 12:17:16,949 - ROE | NAUKRI | Year=2016 | Computed=7.65 | Source=2.44 | Difference=5.21
2026-07-23 12:17:16,949 - ROE | NAUKRI | Year=2017 | Computed=-2.70 | Source=2.44 | Difference=5.14
2026-07-23 12:17:16,949 - ROE | NAUKRI | Year=2018 | Computed=24.50 | Source=2.44 | Difference=22.06
2026-07-23 12:17:16,949 - ROE | NAUKRI | Year=2019 | Computed=23.28 | Source=2.44 | Difference=20.84
2026-07-23 12:17:16,949 - ROE | NAUKRI | Year=2020 | Computed=-11.21 | Source=2.44 | Difference=13.65
2026-07-23 12:17:16,949 - ROE | NAUKRI | Year=2021 | Computed=26.28 | Source=2.44 | Difference=23.84
2026-07-23 12:17:16,949 - ROE | NAUKRI | Year=2022 | Computed=74.71 | Source=2.44 | Difference=72.27
2026-07-23 12:17:16,949 - ROE | NESTLEIND | Year=2013 | Computed=47.17 | Source=135.61 | Difference=88.44
2026-07-23 12:17:16,949 - ROE | NESTLEIND | Year=2014 | Computed=41.77 | Source=135.61 | Difference=93.84
2026-07-23 12:17:16,949 - ROE | NESTLEIND | Year=2015 | Computed=19.99 | Source=135.61 | Difference=115.62
2026-07-23 12:17:16,949 - ROE | NESTLEIND | Year=2016 | Computed=30.50 | Source=135.61 | Difference=105.11
2026-07-23 12:17:16,949 - ROE | NESTLEIND | Year=2017 | Computed=35.82 | Source=135.61 | Difference=99.79
2026-07-23 12:17:16,949 - ROE | NESTLEIND | Year=2018 | Computed=43.75 | Source=135.61 | Difference=91.86
2026-07-23 12:17:16,949 - ROE | NESTLEIND | Year=2019 | Computed=102.61 | Source=135.61 | Difference=33.00
2026-07-23 12:17:16,949 - ROE | NESTLEIND | Year=2020 | Computed=103.12 | Source=135.61 | Difference=32.49
2026-07-23 12:17:16,949 - ROE | NESTLEIND | Year=2021 | Computed=108.84 | Source=135.61 | Difference=26.77
2026-07-23 12:17:16,949 - ROE | NESTLEIND | Year=2022 | Computed=97.23 | Source=135.61 | Difference=38.38
2026-07-23 12:17:16,949 - ROE | NESTLEIND | Year=2023 | Computed=121.96 | Source=135.61 | Difference=13.65
2026-07-23 12:17:16,949 - ROE | NESTLEIND | Year=2024 | Computed=117.75 | Source=135.61 | Difference=17.86
2026-07-23 12:17:16,949 - ROE | ONGC | Year=2016 | Computed=6.62 | Source=14.32 | Difference=7.70
2026-07-23 12:17:16,949 - ROE | ONGC | Year=2020 | Computed=5.59 | Source=14.32 | Difference=8.73
2026-07-23 12:17:16,949 - ROE | PFC | Year=2017 | Computed=6.07 | Source=19.49 | Difference=13.42
2026-07-23 12:17:16,949 - ROE | PFC | Year=2019 | Computed=26.82 | Source=19.49 | Difference=7.33
2026-07-23 12:17:16,949 - ROE | PFC | Year=2021 | Computed=25.86 | Source=19.49 | Difference=6.37
2026-07-23 12:17:16,949 - ROE | PFC | Year=2022 | Computed=26.18 | Source=19.49 | Difference=6.69
2026-07-23 12:17:16,949 - ROE | PFC | Year=2023 | Computed=25.17 | Source=19.49 | Difference=5.68
2026-07-23 12:17:16,949 - ROE | PFC | Year=2024 | Computed=26.16 | Source=19.49 | Difference=6.67
2026-07-23 12:17:16,949 - ROE | PIDILITIND | Year=2016 | Computed=30.59 | Source=22.8 | Difference=7.79
2026-07-23 12:17:16,949 - ROE | PNB | Year=2013 | Computed=812.30 | Source=8.7 | Difference=803.60
2026-07-23 12:17:16,949 - ROE | PNB | Year=2014 | Computed=393.36 | Source=8.7 | Difference=384.66
2026-07-23 12:17:16,949 - ROE | PNB | Year=2015 | Computed=223.24 | Source=8.7 | Difference=214.54
2026-07-23 12:17:16,949 - ROE | PNB | Year=2016 | Computed=-163.56 | Source=8.7 | Difference=172.26
2026-07-23 12:17:16,949 - ROE | PNB | Year=2017 | Computed=22.21 | Source=8.7 | Difference=13.51
2026-07-23 12:17:16,949 - ROE | PNB | Year=2018 | Computed=-184.37 | Source=8.7 | Difference=193.07
2026-07-23 12:17:16,960 - ROE | PNB | Year=2019 | Computed=-128.45 | Source=8.7 | Difference=137.15
2026-07-23 12:17:16,960 - ROE | PNB | Year=2021 | Computed=30.39 | Source=8.7 | Difference=21.69
2026-07-23 12:17:16,960 - ROE | PNB | Year=2022 | Computed=39.87 | Source=8.7 | Difference=31.17
2026-07-23 12:17:16,960 - ROE | PNB | Year=2023 | Computed=30.67 | Source=8.7 | Difference=21.97
2026-07-23 12:17:16,960 - ROE | PNB | Year=2024 | Computed=61.32 | Source=8.7 | Difference=52.62
2026-07-23 12:17:16,960 - ROE | POWERGRID | Year=2014 | Computed=13.11 | Source=19.0 | Difference=5.89
2026-07-23 12:17:16,960 - ROE | POWERGRID | Year=2015 | Computed=13.13 | Source=19.0 | Difference=5.87
2026-07-23 12:17:16,960 - ROE | POWERGRID | Year=2016 | Computed=13.55 | Source=19.0 | Difference=5.45
2026-07-23 12:17:16,960 - ROE | RECLTD | Year=2018 | Computed=13.66 | Source=22.2 | Difference=8.54
2026-07-23 12:17:16,960 - ROE | RECLTD | Year=2019 | Computed=16.62 | Source=22.2 | Difference=5.58
2026-07-23 12:17:16,960 - ROE | RECLTD | Year=2020 | Computed=14.05 | Source=22.2 | Difference=8.15
2026-07-23 12:17:16,960 - ROE | SBILIFE | Year=2013 | Computed=23.03 | Source=12.0 | Difference=11.03
2026-07-23 12:17:16,965 - ROE | SBILIFE | Year=2014 | Computed=21.69 | Source=12.0 | Difference=9.69
2026-07-23 12:17:16,965 - ROE | SBILIFE | Year=2015 | Computed=20.09 | Source=12.0 | Difference=8.09
2026-07-23 12:17:16,965 - ROE | SBILIFE | Year=2016 | Computed=17.83 | Source=12.0 | Difference=5.83
2026-07-23 12:17:16,965 - ROE | SBILIFE | Year=2017 | Computed=17.20 | Source=12.0 | Difference=5.20
2026-07-23 12:17:16,965 - ROE | SBILIFE | Year=2018 | Computed=17.62 | Source=12.0 | Difference=5.62
2026-07-23 12:17:16,965 - ROE | SBILIFE | Year=2019 | Computed=17.52 | Source=12.0 | Difference=5.52
2026-07-23 12:17:16,965 - ROE | SHREECEM | Year=2013 | Computed=26.12 | Source=12.2 | Difference=13.92
2026-07-23 12:17:16,965 - ROE | SHREECEM | Year=2017 | Computed=17.39 | Source=12.2 | Difference=5.19
2026-07-23 12:17:16,965 - ROE | SHRIRAMFIN | Year=2022 | Computed=10.43 | Source=15.9 | Difference=5.47
2026-07-23 12:17:16,967 - ROE | SIEMENS | Year=2014 | Computed=13.78 | Source=19.1 | Difference=5.32
2026-07-23 12:17:16,967 - ROE | SIEMENS | Year=2016 | Computed=42.83 | Source=19.1 | Difference=23.73
2026-07-23 12:17:16,967 - ROE | SIEMENS | Year=2018 | Computed=10.86 | Source=19.1 | Difference=8.24
2026-07-23 12:17:16,967 - ROE | SIEMENS | Year=2019 | Computed=12.14 | Source=19.1 | Difference=6.96
2026-07-23 12:17:16,967 - ROE | SIEMENS | Year=2020 | Computed=8.10 | Source=19.1 | Difference=11.00
2026-07-23 12:17:16,967 - ROE | SIEMENS | Year=2021 | Computed=10.52 | Source=19.1 | Difference=8.58
2026-07-23 12:17:16,967 - ROE | SIEMENS | Year=2022 | Computed=13.29 | Source=19.1 | Difference=5.81
2026-07-23 12:17:16,967 - ROE | SUNPHARMA | Year=2013 | Computed=23.14 | Source=16.7 | Difference=6.44
2026-07-23 12:17:16,967 - ROE | SUNPHARMA | Year=2018 | Computed=6.63 | Source=16.7 | Difference=10.07
2026-07-23 12:17:16,969 - ROE | SUNPHARMA | Year=2019 | Computed=7.75 | Source=16.7 | Difference=8.95
2026-07-23 12:17:16,969 - ROE | SUNPHARMA | Year=2020 | Computed=9.22 | Source=16.7 | Difference=7.48
2026-07-23 12:17:16,969 - ROE | SUNPHARMA | Year=2021 | Computed=4.89 | Source=16.7 | Difference=11.81
2026-07-23 12:17:16,969 - ROE | SUNPHARMA | Year=2022 | Computed=7.06 | Source=16.7 | Difference=9.64
2026-07-23 12:17:16,969 - ROE | TATACONSUM | Year=2016 | Computed=-0.59 | Source=8.32 | Difference=8.91
2026-07-23 12:17:16,969 - ROE | TATAMOTORS | Year=2013 | Computed=26.51 | Source=49.4 | Difference=22.89
2026-07-23 12:17:16,969 - ROE | TATAMOTORS | Year=2014 | Computed=21.42 | Source=49.4 | Difference=27.98
2026-07-23 12:17:16,969 - ROE | TATAMOTORS | Year=2015 | Computed=25.01 | Source=49.4 | Difference=24.39
2026-07-23 12:17:16,971 - ROE | TATAMOTORS | Year=2016 | Computed=14.79 | Source=49.4 | Difference=34.61
2026-07-23 12:17:16,971 - ROE | TATAMOTORS | Year=2017 | Computed=13.02 | Source=49.4 | Difference=36.38
2026-07-23 12:17:16,971 - ROE | TATAMOTORS | Year=2018 | Computed=9.53 | Source=49.4 | Difference=39.87
2026-07-23 12:17:16,971 - ROE | TATAMOTORS | Year=2019 | Computed=-47.73 | Source=49.4 | Difference=97.13
2026-07-23 12:17:16,971 - ROE | TATAMOTORS | Year=2020 | Computed=-18.98 | Source=49.4 | Difference=68.38
2026-07-23 12:17:16,971 - ROE | TATAMOTORS | Year=2021 | Computed=-24.25 | Source=49.4 | Difference=73.65
2026-07-23 12:17:16,971 - ROE | TATAMOTORS | Year=2022 | Computed=-25.38 | Source=49.4 | Difference=74.78
2026-07-23 12:17:16,971 - ROE | TATAMOTORS | Year=2023 | Computed=5.94 | Source=49.4 | Difference=43.46
2026-07-23 12:17:16,973 - ROE | TATAMOTORS | Year=2024 | Computed=37.46 | Source=49.4 | Difference=11.94
2026-07-23 12:17:16,973 - ROE | TATAPOWER | Year=2013 | Computed=1.00 | Source=11.3 | Difference=10.30
2026-07-23 12:17:16,973 - ROE | TATAPOWER | Year=2014 | Computed=0.10 | Source=11.3 | Difference=11.20
2026-07-23 12:17:16,973 - ROE | TATAPOWER | Year=2015 | Computed=3.19 | Source=11.3 | Difference=8.11
2026-07-23 12:17:16,973 - ROE | TATASTEEL | Year=2013 | Computed=-21.28 | Source=6.55 | Difference=27.83
2026-07-23 12:17:16,973 - ROE | TATASTEEL | Year=2015 | Computed=-12.56 | Source=6.55 | Difference=19.11
2026-07-23 12:17:16,973 - ROE | TATASTEEL | Year=2016 | Computed=-1.14 | Source=6.55 | Difference=7.69
2026-07-23 12:17:16,973 - ROE | TATASTEEL | Year=2017 | Computed=-11.02 | Source=6.55 | Difference=17.57
2026-07-23 12:17:16,973 - ROE | TATASTEEL | Year=2018 | Computed=29.15 | Source=6.55 | Difference=22.60
2026-07-23 12:17:16,975 - ROE | TATASTEEL | Year=2019 | Computed=13.23 | Source=6.55 | Difference=6.68
2026-07-23 12:17:16,975 - ROE | TATASTEEL | Year=2022 | Computed=36.48 | Source=6.55 | Difference=29.93
2026-07-23 12:17:16,975 - ROE | TATASTEEL | Year=2024 | Computed=-5.33 | Source=6.55 | Difference=11.88
2026-07-23 12:17:16,975 - ROE | TCS | Year=2013 | Computed=36.52 | Source=0.52 | Difference=36.00
2026-07-23 12:17:16,975 - ROE | TCS | Year=2014 | Computed=39.30 | Source=0.52 | Difference=38.78
2026-07-23 12:17:16,975 - ROE | TCS | Year=2015 | Computed=39.62 | Source=0.52 | Difference=39.10
2026-07-23 12:17:16,975 - ROE | TCS | Year=2016 | Computed=34.24 | Source=0.52 | Difference=33.72
2026-07-23 12:17:16,975 - ROE | TCS | Year=2017 | Computed=30.57 | Source=0.52 | Difference=30.05
2026-07-23 12:17:16,975 - ROE | TCS | Year=2018 | Computed=30.40 | Source=0.52 | Difference=29.88
2026-07-23 12:17:16,975 - ROE | TCS | Year=2019 | Computed=35.29 | Source=0.52 | Difference=34.77
2026-07-23 12:17:16,980 - ROE | TCS | Year=2020 | Computed=38.57 | Source=0.52 | Difference=38.05
2026-07-23 12:17:16,980 - ROE | TCS | Year=2021 | Computed=37.67 | Source=0.52 | Difference=37.15
2026-07-23 12:17:16,980 - ROE | TCS | Year=2022 | Computed=43.13 | Source=0.52 | Difference=42.61
2026-07-23 12:17:16,980 - ROE | TCS | Year=2023 | Computed=46.78 | Source=0.52 | Difference=46.26
2026-07-23 12:17:16,980 - ROE | TCS | Year=2024 | Computed=50.94 | Source=0.52 | Difference=50.42
2026-07-23 12:17:16,980 - ROE | TECHM | Year=2013 | Computed=24.09 | Source=8.63 | Difference=15.46
2026-07-23 12:17:16,980 - ROE | TECHM | Year=2014 | Computed=33.35 | Source=8.63 | Difference=24.72
2026-07-23 12:17:16,980 - ROE | TECHM | Year=2015 | Computed=21.71 | Source=8.63 | Difference=13.08
2026-07-23 12:17:16,980 - ROE | TECHM | Year=2016 | Computed=20.75 | Source=8.63 | Difference=12.12
2026-07-23 12:17:16,980 - ROE | TECHM | Year=2017 | Computed=17.35 | Source=8.63 | Difference=8.72
2026-07-23 12:17:16,982 - ROE | TECHM | Year=2018 | Computed=20.09 | Source=8.63 | Difference=11.46
2026-07-23 12:17:16,982 - ROE | TECHM | Year=2019 | Computed=21.14 | Source=8.63 | Difference=12.51
2026-07-23 12:17:16,982 - ROE | TECHM | Year=2020 | Computed=17.87 | Source=8.63 | Difference=9.24
2026-07-23 12:17:16,982 - ROE | TECHM | Year=2021 | Computed=17.51 | Source=8.63 | Difference=8.88
2026-07-23 12:17:16,982 - ROE | TECHM | Year=2022 | Computed=20.94 | Source=8.63 | Difference=12.31
2026-07-23 12:17:16,982 - ROE | TECHM | Year=2023 | Computed=17.39 | Source=8.63 | Difference=8.76
2026-07-23 12:17:16,982 - ROE | TITAN | Year=2015 | Computed=26.46 | Source=32.9 | Difference=6.44
2026-07-23 12:17:16,982 - ROE | TITAN | Year=2016 | Computed=19.25 | Source=32.9 | Difference=13.65
2026-07-23 12:17:16,984 - ROE | TITAN | Year=2017 | Computed=16.47 | Source=32.9 | Difference=16.43
2026-07-23 12:17:16,984 - ROE | TITAN | Year=2018 | Computed=21.65 | Source=32.9 | Difference=11.25
2026-07-23 12:17:16,984 - ROE | TITAN | Year=2019 | Computed=22.88 | Source=32.9 | Difference=10.02
2026-07-23 12:17:16,984 - ROE | TITAN | Year=2020 | Computed=22.39 | Source=32.9 | Difference=10.51
2026-07-23 12:17:16,984 - ROE | TITAN | Year=2021 | Computed=12.99 | Source=32.9 | Difference=19.91
2026-07-23 12:17:16,984 - ROE | TITAN | Year=2022 | Computed=23.63 | Source=32.9 | Difference=9.27
2026-07-23 12:17:16,984 - ROE | TITAN | Year=2023 | Computed=27.63 | Source=32.9 | Difference=5.27
2026-07-23 12:17:16,984 - ROE | TORNTPHARM | Year=2013 | Computed=30.59 | Source=24.2 | Difference=6.39
2026-07-23 12:17:16,984 - ROE | TORNTPHARM | Year=2014 | Computed=34.89 | Source=24.2 | Difference=10.69
2026-07-23 12:17:16,984 - ROE | TORNTPHARM | Year=2015 | Computed=30.15 | Source=24.2 | Difference=5.95
2026-07-23 12:17:16,986 - ROE | TORNTPHARM | Year=2016 | Computed=49.60 | Source=24.2 | Difference=25.40
2026-07-23 12:17:16,986 - ROE | TORNTPHARM | Year=2018 | Computed=14.67 | Source=24.2 | Difference=9.53
2026-07-23 12:17:16,986 - ROE | TORNTPHARM | Year=2019 | Computed=9.23 | Source=24.2 | Difference=14.97
2026-07-23 12:17:16,986 - ROE | TORNTPHARM | Year=2022 | Computed=13.05 | Source=24.2 | Difference=11.15
2026-07-23 12:17:16,986 - ROE | TRENT | Year=2013 | Computed=-2.19 | Source=27.2 | Difference=29.39
2026-07-23 12:17:16,986 - ROE | TRENT | Year=2014 | Computed=-1.92 | Source=27.2 | Difference=29.12
2026-07-23 12:17:16,986 - ROE | TRENT | Year=2015 | Computed=9.07 | Source=27.2 | Difference=18.13
2026-07-23 12:17:16,986 - ROE | TRENT | Year=2016 | Computed=3.76 | Source=27.2 | Difference=23.44
2026-07-23 12:17:16,988 - ROE | TRENT | Year=2017 | Computed=5.49 | Source=27.2 | Difference=21.71
2026-07-23 12:17:16,988 - ROE | TRENT | Year=2018 | Computed=5.45 | Source=27.2 | Difference=21.75
2026-07-23 12:17:16,988 - ROE | TRENT | Year=2019 | Computed=5.77 | Source=27.2 | Difference=21.43
2026-07-23 12:17:16,988 - ROE | TRENT | Year=2020 | Computed=4.44 | Source=27.2 | Difference=22.76
2026-07-23 12:17:16,988 - ROE | TRENT | Year=2021 | Computed=-7.83 | Source=27.2 | Difference=35.03
2026-07-23 12:17:16,988 - ROE | TRENT | Year=2022 | Computed=1.48 | Source=27.2 | Difference=25.72
2026-07-23 12:17:16,988 - ROE | TRENT | Year=2023 | Computed=15.18 | Source=27.2 | Difference=12.02
2026-07-23 12:17:16,988 - ROE | TRENT | Year=2024 | Computed=36.31 | Source=27.2 | Difference=9.11
